/*
 Navicat MySQL Data Transfer

 Source Server         : LuctoLocal
 Source Server Type    : MySQL
 Source Server Version : 50728
 Source Host           : localhost:3306
 Source Schema         : industry

 Target Server Type    : MySQL
 Target Server Version : 50728
 File Encoding         : 65001

 Date: 12/02/2020 15:01:28
*/

SET NAMES utf8mb4;
SET FOREIGN_KEY_CHECKS = 0;

-- ----------------------------
-- Table structure for calresults
-- ----------------------------
DROP TABLE IF EXISTS `calresults`;
CREATE TABLE `calresults`  (
  `process1` text CHARACTER SET latin1 COLLATE latin1_swedish_ci NULL,
  `process2` text CHARACTER SET latin1 COLLATE latin1_swedish_ci NULL,
  `process3` text CHARACTER SET latin1 COLLATE latin1_swedish_ci NULL,
  `time1` text CHARACTER SET latin1 COLLATE latin1_swedish_ci NULL,
  `time2` text CHARACTER SET latin1 COLLATE latin1_swedish_ci NULL,
  `time3` text CHARACTER SET latin1 COLLATE latin1_swedish_ci NULL,
  `fillRate1` text CHARACTER SET latin1 COLLATE latin1_swedish_ci NULL,
  `fillRate2` text CHARACTER SET latin1 COLLATE latin1_swedish_ci NULL,
  `fillRate3` text CHARACTER SET latin1 COLLATE latin1_swedish_ci NULL,
  `pid` int(11) NULL DEFAULT NULL,
  `lastChange` datetime(0) NULL DEFAULT NULL
) ENGINE = InnoDB CHARACTER SET = latin1 COLLATE = latin1_swedish_ci ROW_FORMAT = Dynamic;

-- ----------------------------
-- Records of calresults
-- ----------------------------
INSERT INTO `calresults` VALUES ('C2', 'P4', 'P2, P1', '{0, 239, 249, 589}', '{0}', '{0, 59}, {124, 164, 474, 544, 614}', '{100.0, 100.0}', '100.0', '100.0, 100.0', 17586, '2019-12-18 12:51:36');
INSERT INTO `calresults` VALUES ('C2', 'P4', 'P2, P1, P1', '{0, 239, 249, 589, 689}', '{0}', '{0, 59}, {124, 164, 474, 544, 614}, {699}', '{100.0, 100.0}', '100.0', '100.0, 100.0', 17586, '2019-12-18 12:51:36');
INSERT INTO `calresults` VALUES ('C2, C1', 'P4', 'P2, P1, P2', '{0, 239, 249, 589, 689}, {725, 979}', '{0}', '{0, 59}, {124, 164, 474, 544, 614}, {664, 954, 1024, 1094}', '{100.0, 100.0}, {100.0}', '100.0', '100.0, 100.0, 100.0', 17586, '2019-12-18 12:51:36');
INSERT INTO `calresults` VALUES ('C2, C1', 'P4', 'P2, P1, P2, P1', '{0, 239, 249, 589, 689}, {725, 979, 1149, 1404, 1524}', '{0}', '{0, 59}, {124, 164, 474, 544, 614}, {664, 954, 1024, 1094}, {1159, 1199, 1509}', '{100.0, 100.0}, {100.0}', '100.0', '100.0, 100.0, 100.0, 100.0', 17586, '2019-12-18 12:51:36');
INSERT INTO `calresults` VALUES ('C2, C1, C2', 'P4', 'P2, P1, P2, P1', '{0, 239, 249, 589, 689}, {725, 979, 1149, 1404, 1524}, {1594}', '{0}', '{0, 59}, {124, 164, 474, 544, 614}, {664, 954, 1024, 1094}, {1159, 1199, 1509}', '{100.0, 100.0}, {100.0}', '100.0', '100.0, 100.0, 100.0, 100.0', 17586, '2019-12-18 12:51:36');
INSERT INTO `calresults` VALUES ('C2, C1, C1', 'P4', 'P2, P1, P2, P1, P1', '{0, 239, 249, 589, 689}, {725, 979, 1149, 1404, 1524}, {1594, 1630, 1884, 2054, 2309}', '{0}', '{0, 59}, {124, 164, 474, 544, 614}, {664, 954, 1024, 1094}, {1159, 1199, 1509, 1664, 1734}, {1819, 1859, 2169, 2239, 2309}', '{100.0, 100.0}, {100.0}, {100.0}', '100.0', '100.0, 100.0, 100.0, 100.0, 100.0', 17586, '2019-12-18 12:51:36');
INSERT INTO `calresults` VALUES ('C2, C1, C1', 'P4', 'P2, P1, P2, P1, P1, P1', '{0, 239, 249, 589, 689}, {725, 979, 1149, 1404, 1524}, {1594, 1630, 1884, 2054, 2309, 2429}', '{0}', '{0, 59}, {124, 164, 474, 544, 614}, {664, 954, 1024, 1094}, {1159, 1199, 1509, 1664, 1734}, {1819, 1859, 2169, 2239, 2309}, {2394}', '{100.0, 100.0}, {100.0}, {100.0}', '100.0', '100.0, 100.0, 100.0, 100.0, 100.0', 17586, '2019-12-18 12:51:36');
INSERT INTO `calresults` VALUES ('C2, C1, C1, C2', 'P4', 'P2, P1, P2, P1, P1, P2', '{0, 239, 249, 589, 689}, {725, 979, 1149, 1404, 1524}, {1594, 1630, 1884, 2054, 2309, 2429}, {2499}', '{0}', '{0, 59}, {124, 164, 474, 544, 614}, {664, 954, 1024, 1094}, {1159, 1199, 1509, 1664, 1734}, {1819, 1859, 2169, 2239, 2309}, {2359, 2649, 2719, 2789}', '{100.0, 100.0}, {100.0}, {100.0}', '100.0', '100.0, 100.0, 100.0, 100.0, 100.0, 100.0', 17586, '2019-12-18 12:51:36');
INSERT INTO `calresults` VALUES ('C2, C1, C1, P1', 'P4', 'P2, P1, P2, P1, P1, P2', '{0, 239, 249, 589, 689}, {725, 979, 1149, 1404, 1524}, {1594, 1630, 1884, 2054, 2309, 2429}, {2464, 2764, 2834, 2904}', '{0}', '{0, 59}, {124, 164, 474, 544, 614}, {664, 954, 1024, 1094}, {1159, 1199, 1509, 1664, 1734}, {1819, 1859, 2169, 2239, 2309}, {2359, 2649, 2719, 2789}', '{100.0, 100.0}, {100.0}, {100.0}, {100.0}', '100.0', '100.0, 100.0, 100.0, 100.0, 100.0, 100.0', 17586, '2019-12-18 12:51:36');
INSERT INTO `calresults` VALUES ('C2, C1, C1, P1', 'P4', 'P2, P1, P2, P1, P1, P2', '{0, 239, 249, 589, 689}, {725, 979, 1149, 1404, 1524}, {1594, 1630, 1884, 2054, 2309, 2429}, {2464, 2764, 2834, 2904}', '{0}', '{0, 59}, {124, 164, 474, 544, 614}, {664, 954, 1024, 1094}, {1159, 1199, 1509, 1664, 1734}, {1819, 1859, 2169, 2239, 2309}, {2359, 2649, 2719, 2789}', '{100.0, 100.0}, {100.0}, {100.0}, {100.0}', '100.0', '100.0, 100.0, 100.0, 100.0, 100.0, 100.0', 17586, '2019-12-18 12:51:36');
INSERT INTO `calresults` VALUES ('C2, C1, C1, C1, P1', 'P4', 'P2, P1, P2, P1, P1, P1, P2', '{0, 239, 249, 589, 689}, {725, 979, 1149, 1404, 1524}, {1594, 1630, 1884, 2054, 2309, 2429}, {2499, 2535, 2789, 2959, 3214, 3334}, {3369, 3669, 3739, 3809}', '{0}', '{0, 59}, {124, 164, 474, 544, 614}, {664, 954, 1024, 1094}, {1159, 1199, 1509, 1664, 1734}, {1819, 1859, 2169, 2239, 2309}, {2394, 2499, 2809, 2879, 2949}, {2999, 3289, 3359, 3429}', '{100.0, 100.0}, {100.0}, {100.0}, {100.0}, {100.0}', '100.0', '100.0, 100.0, 100.0, 100.0, 100.0, 100.0, 100.0', 17586, '2019-12-18 12:51:36');
INSERT INTO `calresults` VALUES ('C2, C1, C1, C1, P1', 'P4', 'P2, P1, P2, P1, P1, P1, P2', '{0, 239, 249, 589, 689}, {725, 979, 1149, 1404, 1524}, {1594, 1630, 1884, 2054, 2309, 2429}, {2499, 2535, 2789, 2959, 3214, 3334}, {3369, 3669, 3739, 3809}', '{0}', '{0, 59}, {124, 164, 474, 544, 614}, {664, 954, 1024, 1094}, {1159, 1199, 1509, 1664, 1734}, {1819, 1859, 2169, 2239, 2309}, {2394, 2499, 2809, 2879, 2949}, {2999, 3289, 3359, 3429}', '{100.0, 100.0}, {100.0}, {100.0}, {100.0}, {100.0}', '100.0', '100.0, 100.0, 100.0, 100.0, 100.0, 100.0, 100.0', 17586, '2019-12-18 12:51:36');
INSERT INTO `calresults` VALUES ('C2, C1, C1, C1, C2, C1', 'P4', 'P2, P1, P2, P1, P1, P1, P2', '{0, 239, 249, 589, 689}, {725, 979, 1149, 1404, 1524}, {1594, 1630, 1884, 2054, 2309, 2429}, {2499, 2535, 2789, 2959, 3214, 3334}, {3404, 3444, 3749, 4054, 4064, 4404, 4504}, {4540, 4794, 4964, 5219, 5339}', '{0}', '{0, 59}, {124, 164, 474, 544, 614}, {664, 954, 1024, 1094}, {1159, 1199, 1509, 1664, 1734}, {1819, 1859, 2169, 2239, 2309}, {2394, 2499, 2809, 2879, 2949}, {2999, 3289, 3359, 3429}', '{100.0, 100.0}, {100.0}, {100.0}, {100.0}, {100.0, 100.0}, {100.0}', '100.0', '100.0, 100.0, 100.0, 100.0, 100.0, 100.0, 100.0', 17586, '2019-12-18 12:51:36');
INSERT INTO `calresults` VALUES ('C2', 'P4', 'P2, P1', '{0, 239, 249, 589}', '{0}', '{0, 59}, {124, 164, 474, 544, 614}', '{100.0, 100.0}', '100.0', '100.0, 100.0', 17646, '2019-12-18 12:52:34');
INSERT INTO `calresults` VALUES ('C2', 'P4', 'P2, P1, P1', '{0, 239, 249, 589, 689}', '{0}', '{0, 59}, {124, 164, 474, 544, 614}, {699}', '{100.0, 100.0}', '100.0', '100.0, 100.0', 17646, '2019-12-18 12:52:34');
INSERT INTO `calresults` VALUES ('C2, C1', 'P4', 'P2, P1, P2', '{0, 239, 249, 589, 689}, {725, 979}', '{0}', '{0, 59}, {124, 164, 474, 544, 614}, {664, 954, 1024, 1094}', '{100.0, 100.0}, {100.0}', '100.0', '100.0, 100.0, 100.0', 17646, '2019-12-18 12:52:34');
INSERT INTO `calresults` VALUES ('C2, C1', 'P4', 'P2, P1, P2, P1', '{0, 239, 249, 589, 689}, {725, 979, 1149, 1404, 1524}', '{0}', '{0, 59}, {124, 164, 474, 544, 614}, {664, 954, 1024, 1094}, {1159, 1199, 1509}', '{100.0, 100.0}, {100.0}', '100.0', '100.0, 100.0, 100.0, 100.0', 17646, '2019-12-18 12:52:34');
INSERT INTO `calresults` VALUES ('C2, C1, C2', 'P4', 'P2, P1, P2, P1', '{0, 239, 249, 589, 689}, {725, 979, 1149, 1404, 1524}, {1594}', '{0}', '{0, 59}, {124, 164, 474, 544, 614}, {664, 954, 1024, 1094}, {1159, 1199, 1509}', '{100.0, 100.0}, {100.0}', '100.0', '100.0, 100.0, 100.0, 100.0', 17646, '2019-12-18 12:52:34');
INSERT INTO `calresults` VALUES ('C2, C1, C1', 'P4', 'P2, P1, P2, P1, P1', '{0, 239, 249, 589, 689}, {725, 979, 1149, 1404, 1524}, {1594, 1630, 1884, 2054, 2309}', '{0}', '{0, 59}, {124, 164, 474, 544, 614}, {664, 954, 1024, 1094}, {1159, 1199, 1509, 1664, 1734}, {1819, 1859, 2169, 2239, 2309}', '{100.0, 100.0}, {100.0}, {100.0}', '100.0', '100.0, 100.0, 100.0, 100.0, 100.0', 17646, '2019-12-18 12:52:34');
INSERT INTO `calresults` VALUES ('C2, C1, C1', 'P4', 'P2, P1, P2, P1, P1, P1', '{0, 239, 249, 589, 689}, {725, 979, 1149, 1404, 1524}, {1594, 1630, 1884, 2054, 2309, 2429}', '{0}', '{0, 59}, {124, 164, 474, 544, 614}, {664, 954, 1024, 1094}, {1159, 1199, 1509, 1664, 1734}, {1819, 1859, 2169, 2239, 2309}, {2394}', '{100.0, 100.0}, {100.0}, {100.0}', '100.0', '100.0, 100.0, 100.0, 100.0, 100.0', 17646, '2019-12-18 12:52:34');
INSERT INTO `calresults` VALUES ('C2, C1, C1, C2', 'P4', 'P2, P1, P2, P1, P1, P2', '{0, 239, 249, 589, 689}, {725, 979, 1149, 1404, 1524}, {1594, 1630, 1884, 2054, 2309, 2429}, {2499}', '{0}', '{0, 59}, {124, 164, 474, 544, 614}, {664, 954, 1024, 1094}, {1159, 1199, 1509, 1664, 1734}, {1819, 1859, 2169, 2239, 2309}, {2359, 2649, 2719, 2789}', '{100.0, 100.0}, {100.0}, {100.0}', '100.0', '100.0, 100.0, 100.0, 100.0, 100.0, 100.0', 17646, '2019-12-18 12:52:34');
INSERT INTO `calresults` VALUES ('C2, C1, C1, P1', 'P4', 'P2, P1, P2, P1, P1, P2', '{0, 239, 249, 589, 689}, {725, 979, 1149, 1404, 1524}, {1594, 1630, 1884, 2054, 2309, 2429}, {2464, 2764, 2834, 2904}', '{0}', '{0, 59}, {124, 164, 474, 544, 614}, {664, 954, 1024, 1094}, {1159, 1199, 1509, 1664, 1734}, {1819, 1859, 2169, 2239, 2309}, {2359, 2649, 2719, 2789}', '{100.0, 100.0}, {100.0}, {100.0}, {100.0}', '100.0', '100.0, 100.0, 100.0, 100.0, 100.0, 100.0', 17646, '2019-12-18 12:52:34');
INSERT INTO `calresults` VALUES ('C2, C1, C1, P1', 'P4', 'P2, P1, P2, P1, P1, P2', '{0, 239, 249, 589, 689}, {725, 979, 1149, 1404, 1524}, {1594, 1630, 1884, 2054, 2309, 2429}, {2464, 2764, 2834, 2904}', '{0}', '{0, 59}, {124, 164, 474, 544, 614}, {664, 954, 1024, 1094}, {1159, 1199, 1509, 1664, 1734}, {1819, 1859, 2169, 2239, 2309}, {2359, 2649, 2719, 2789}', '{100.0, 100.0}, {100.0}, {100.0}, {100.0}', '100.0', '100.0, 100.0, 100.0, 100.0, 100.0, 100.0', 17646, '2019-12-18 12:52:34');
INSERT INTO `calresults` VALUES ('C2, C1, C1, C1, P1', 'P4', 'P2, P1, P2, P1, P1, P1, P2', '{0, 239, 249, 589, 689}, {725, 979, 1149, 1404, 1524}, {1594, 1630, 1884, 2054, 2309, 2429}, {2499, 2535, 2789, 2959, 3214, 3334}, {3369, 3669, 3739, 3809}', '{0}', '{0, 59}, {124, 164, 474, 544, 614}, {664, 954, 1024, 1094}, {1159, 1199, 1509, 1664, 1734}, {1819, 1859, 2169, 2239, 2309}, {2394, 2499, 2809, 2879, 2949}, {2999, 3289, 3359, 3429}', '{100.0, 100.0}, {100.0}, {100.0}, {100.0}, {100.0}', '100.0', '100.0, 100.0, 100.0, 100.0, 100.0, 100.0, 100.0', 17646, '2019-12-18 12:52:34');
INSERT INTO `calresults` VALUES ('C2, C1, C1, C1, P1', 'P4', 'P2, P1, P2, P1, P1, P1, P2', '{0, 239, 249, 589, 689}, {725, 979, 1149, 1404, 1524}, {1594, 1630, 1884, 2054, 2309, 2429}, {2499, 2535, 2789, 2959, 3214, 3334}, {3369, 3669, 3739, 3809}', '{0}', '{0, 59}, {124, 164, 474, 544, 614}, {664, 954, 1024, 1094}, {1159, 1199, 1509, 1664, 1734}, {1819, 1859, 2169, 2239, 2309}, {2394, 2499, 2809, 2879, 2949}, {2999, 3289, 3359, 3429}', '{100.0, 100.0}, {100.0}, {100.0}, {100.0}, {100.0}', '100.0', '100.0, 100.0, 100.0, 100.0, 100.0, 100.0, 100.0', 17646, '2019-12-18 12:52:34');
INSERT INTO `calresults` VALUES ('C2, C1, C1, C1, C2, C1', 'P4', 'P2, P1, P2, P1, P1, P1, P2', '{0, 239, 249, 589, 689}, {725, 979, 1149, 1404, 1524}, {1594, 1630, 1884, 2054, 2309, 2429}, {2499, 2535, 2789, 2959, 3214, 3334}, {3404, 3444, 3749, 4054, 4064, 4404, 4504}, {4540, 4794, 4964, 5219, 5339}', '{0}', '{0, 59}, {124, 164, 474, 544, 614}, {664, 954, 1024, 1094}, {1159, 1199, 1509, 1664, 1734}, {1819, 1859, 2169, 2239, 2309}, {2394, 2499, 2809, 2879, 2949}, {2999, 3289, 3359, 3429}', '{100.0, 100.0}, {100.0}, {100.0}, {100.0}, {100.0, 100.0}, {100.0}', '100.0', '100.0, 100.0, 100.0, 100.0, 100.0, 100.0, 100.0', 17646, '2019-12-18 12:52:34');
INSERT INTO `calresults` VALUES ('C2', 'P4', 'P2, P1', '{0, 239, 249, 589}', '{0}', '{0, 59}, {124, 164, 474, 544, 614}', '{100.0, 100.0}', '100.0', '100.0, 100.0', 17708, '2019-12-18 12:57:13');
INSERT INTO `calresults` VALUES ('C2', 'P4', 'P2, P1, P1', '{0, 239, 249, 589, 689}', '{0}', '{0, 59}, {124, 164, 474, 544, 614}, {699}', '{100.0, 100.0}', '100.0', '100.0, 100.0', 17708, '2019-12-18 12:57:13');
INSERT INTO `calresults` VALUES ('C2, C1', 'P4', 'P2, P1, P2', '{0, 239, 249, 589, 689}, {725, 979}', '{0}', '{0, 59}, {124, 164, 474, 544, 614}, {664, 954, 1024, 1094}', '{100.0, 100.0}, {100.0}', '100.0', '100.0, 100.0, 100.0', 17708, '2019-12-18 12:57:13');
INSERT INTO `calresults` VALUES ('C2, C1', 'P4', 'P2, P1, P2, P1', '{0, 239, 249, 589, 689}, {725, 979, 1149, 1404, 1524}', '{0}', '{0, 59}, {124, 164, 474, 544, 614}, {664, 954, 1024, 1094}, {1159, 1199, 1509}', '{100.0, 100.0}, {100.0}', '100.0', '100.0, 100.0, 100.0, 100.0', 17708, '2019-12-18 12:57:13');
INSERT INTO `calresults` VALUES ('C2, C1, C2', 'P4', 'P2, P1, P2, P1', '{0, 239, 249, 589, 689}, {725, 979, 1149, 1404, 1524}, {1594}', '{0}', '{0, 59}, {124, 164, 474, 544, 614}, {664, 954, 1024, 1094}, {1159, 1199, 1509}', '{100.0, 100.0}, {100.0}', '100.0', '100.0, 100.0, 100.0, 100.0', 17708, '2019-12-18 12:57:13');
INSERT INTO `calresults` VALUES ('C2, C1, C1', 'P4', 'P2, P1, P2, P1, P1', '{0, 239, 249, 589, 689}, {725, 979, 1149, 1404, 1524}, {1594, 1630, 1884, 2054, 2309}', '{0}', '{0, 59}, {124, 164, 474, 544, 614}, {664, 954, 1024, 1094}, {1159, 1199, 1509, 1664, 1734}, {1819, 1859, 2169, 2239, 2309}', '{100.0, 100.0}, {100.0}, {100.0}', '100.0', '100.0, 100.0, 100.0, 100.0, 100.0', 17708, '2019-12-18 12:57:13');
INSERT INTO `calresults` VALUES ('C2, C1, C1', 'P4', 'P2, P1, P2, P1, P1, P1', '{0, 239, 249, 589, 689}, {725, 979, 1149, 1404, 1524}, {1594, 1630, 1884, 2054, 2309, 2429}', '{0}', '{0, 59}, {124, 164, 474, 544, 614}, {664, 954, 1024, 1094}, {1159, 1199, 1509, 1664, 1734}, {1819, 1859, 2169, 2239, 2309}, {2394}', '{100.0, 100.0}, {100.0}, {100.0}', '100.0', '100.0, 100.0, 100.0, 100.0, 100.0', 17708, '2019-12-18 12:57:13');
INSERT INTO `calresults` VALUES ('C2, C1, C1, C2', 'P4', 'P2, P1, P2, P1, P1, P2', '{0, 239, 249, 589, 689}, {725, 979, 1149, 1404, 1524}, {1594, 1630, 1884, 2054, 2309, 2429}, {2499}', '{0}', '{0, 59}, {124, 164, 474, 544, 614}, {664, 954, 1024, 1094}, {1159, 1199, 1509, 1664, 1734}, {1819, 1859, 2169, 2239, 2309}, {2359, 2649, 2719, 2789}', '{100.0, 100.0}, {100.0}, {100.0}', '100.0', '100.0, 100.0, 100.0, 100.0, 100.0, 100.0', 17708, '2019-12-18 12:57:14');
INSERT INTO `calresults` VALUES ('C2, C1, C1, P1', 'P4', 'P2, P1, P2, P1, P1, P2', '{0, 239, 249, 589, 689}, {725, 979, 1149, 1404, 1524}, {1594, 1630, 1884, 2054, 2309, 2429}, {2464, 2764, 2834, 2904}', '{0}', '{0, 59}, {124, 164, 474, 544, 614}, {664, 954, 1024, 1094}, {1159, 1199, 1509, 1664, 1734}, {1819, 1859, 2169, 2239, 2309}, {2359, 2649, 2719, 2789}', '{100.0, 100.0}, {100.0}, {100.0}, {100.0}', '100.0', '100.0, 100.0, 100.0, 100.0, 100.0, 100.0', 17708, '2019-12-18 12:57:14');
INSERT INTO `calresults` VALUES ('C2, C1, C1, P1', 'P4', 'P2, P1, P2, P1, P1, P2', '{0, 239, 249, 589, 689}, {725, 979, 1149, 1404, 1524}, {1594, 1630, 1884, 2054, 2309, 2429}, {2464, 2764, 2834, 2904}', '{0}', '{0, 59}, {124, 164, 474, 544, 614}, {664, 954, 1024, 1094}, {1159, 1199, 1509, 1664, 1734}, {1819, 1859, 2169, 2239, 2309}, {2359, 2649, 2719, 2789}', '{100.0, 100.0}, {100.0}, {100.0}, {100.0}', '100.0', '100.0, 100.0, 100.0, 100.0, 100.0, 100.0', 17708, '2019-12-18 12:57:14');
INSERT INTO `calresults` VALUES ('C2, C1, C1, C1, P1', 'P4', 'P2, P1, P2, P1, P1, P1, P2', '{0, 239, 249, 589, 689}, {725, 979, 1149, 1404, 1524}, {1594, 1630, 1884, 2054, 2309, 2429}, {2499, 2535, 2789, 2959, 3214, 3334}, {3369, 3669, 3739, 3809}', '{0}', '{0, 59}, {124, 164, 474, 544, 614}, {664, 954, 1024, 1094}, {1159, 1199, 1509, 1664, 1734}, {1819, 1859, 2169, 2239, 2309}, {2394, 2499, 2809, 2879, 2949}, {2999, 3289, 3359, 3429}', '{100.0, 100.0}, {100.0}, {100.0}, {100.0}, {100.0}', '100.0', '100.0, 100.0, 100.0, 100.0, 100.0, 100.0, 100.0', 17708, '2019-12-18 12:57:14');
INSERT INTO `calresults` VALUES ('C2, C1, C1, C1, P1', 'P4', 'P2, P1, P2, P1, P1, P1, P2', '{0, 239, 249, 589, 689}, {725, 979, 1149, 1404, 1524}, {1594, 1630, 1884, 2054, 2309, 2429}, {2499, 2535, 2789, 2959, 3214, 3334}, {3369, 3669, 3739, 3809}', '{0}', '{0, 59}, {124, 164, 474, 544, 614}, {664, 954, 1024, 1094}, {1159, 1199, 1509, 1664, 1734}, {1819, 1859, 2169, 2239, 2309}, {2394, 2499, 2809, 2879, 2949}, {2999, 3289, 3359, 3429}', '{100.0, 100.0}, {100.0}, {100.0}, {100.0}, {100.0}', '100.0', '100.0, 100.0, 100.0, 100.0, 100.0, 100.0, 100.0', 17708, '2019-12-18 12:57:14');
INSERT INTO `calresults` VALUES ('C2, C1, C1, C1, C2, C1', 'P4', 'P2, P1, P2, P1, P1, P1, P2', '{725, 979, 1149, 1404, 1524}, {1594, 1630, 1884, 2054, 2309, 2429}, {2499, 2535, 2789, 2959, 3214, 3334}, {3404, 3444, 3749, 4054, 4064, 4404, 4504}, {4540, 4794, 4964, 5219, 5339}', '{0}', '{0, 59}, {124, 164, 474, 544, 614}, {664, 954, 1024, 1094}, {1159, 1199, 1509, 1664, 1734}, {1819, 1859, 2169, 2239, 2309}, {2394, 2499, 2809, 2879, 2949}, {2999, 3289, 3359, 3429}', '{100.0}, {100.0}, {100.0}, {100.0, 100.0}, {100.0}', '100.0', '100.0, 100.0, 100.0, 100.0, 100.0, 100.0, 100.0', 17708, '2019-12-18 12:57:14');
INSERT INTO `calresults` VALUES ('C1, C1, P1, P1, C1, P1, C2, C1, P1, C1, P1, C1, C1, P1, C2, C1, P1, P1, C1, P1', 'P3, P4, P5, P3, P4, P3, P3, P4, P5, P3, P4, P5, P3, P4, P3, P4, P5, P3, P4, P5, P3, P4, P3, P4, P5, P3, P3, P4, P3, P4, P5, P3, P4, P5, P3, P4, P3, P4, P5, P3, P3, P4, P3', 'P1, P2, P1, P1, P2, P1, P2, P1, P2, P1, P2, P1, P2, P1, P2, P1, P2, P1, P1, P2, P1, P2, P1, P2, P1, P2, P1, P2, P1', '{689, 725, 979, 1149, 1404, 1524}, {1594, 1630, 1884, 2054, 2309, 2429}, {2464, 2764, 2834, 2904}, {2964, 3004, 3304, 3374, 3444}, {3504, 3540, 3794, 3964, 4219, 4339}, {4374, 4674, 4744, 4814}, {4874, 4914, 5219, 5524, 5534, 5874, 5974}, {6010, 6264, 6434, 6689, 6809}, {6844, 7144, 7214, 7284}, {7344, 7380, 7634, 7804, 8059, 8179}, {8214, 8514, 8584, 8654}, {8714, 8750, 9004, 9174, 9429, 9549}, {9619, 9655, 9909, 10079, 10334, 10454}, {10489, 10789, 10859, 10929}, {10989, 11029, 11334, 11639, 11649, 11989, 12089}, {12125, 12379, 12549, 12804, 12924}, {12959, 13259, 13329, 13399}, {13459, 13499, 13799, 13869, 13939}, {13999, 14035, 14289, 14459, 14714, 14834}, {14869, 15169, 15239, 15309}', '{48, 88, 306}, {396, 676}, {691, 971}, {1031, 1071, 1289}, {1379, 1659}, {1709, 1749, 2429}, {2541, 2964, 3182}, {3272, 3552}, {3567, 3847}, {3907, 3947, 4165}, {4255, 4535}, {4550, 4830}, {4890, 4930, 5148}, {5238, 5518}, {5568, 5608, 5826}, {5916, 6196}, {6211, 6491}, {6551, 6591, 6809}, {6899, 7179}, {7194, 7474}, {7534, 7574, 7792}, {7882, 8162}, {8212, 8252, 8470}, {8560, 8840}, {8855, 9135}, {9195, 9235, 9453}, {9565, 9605, 9823}, {9913, 10193}, {10243, 10283, 10501}, {10591, 10871}, {10886, 11166}, {11226, 11266, 11484}, {11574, 11854}, {11869, 12149}, {12209, 12249, 12467}, {12557, 12837}, {12887, 12927, 13145}, {13235, 13515}, {13530, 13810}, {13870, 13910, 14128}, {14240, 14280, 14498}, {14588, 14868}, {14918, 14958, 15176}', '{206, 246, 556, 626, 696}, {746, 1036, 1106, 1176}, {1241, 1281, 1591, 1661, 1731}, {1816, 1856, 2166, 2236, 2306}, {2356, 2646, 2716, 2786}, {2851, 2891, 3201, 3271, 3341}, {3391, 3681, 3751, 3821}, {3886, 3926, 4236, 4306, 4376}, {4426, 4716, 4786, 4856}, {4921, 4961, 5271, 5341, 5411}, {5461, 5751, 5821, 5891}, {5956, 5996, 6306, 6376, 6446}, {6496, 6786, 6856, 6926}, {6991, 7031, 7341, 7411, 7481}, {7531, 7821, 7891, 7961}, {8026, 8066, 8376, 8446, 8516}, {8566, 8856, 8926, 8996}, {9061, 9101, 9411, 9481, 9551}, {9636, 9676, 9986, 10056, 10126}, {10176, 10466, 10536, 10606}, {10671, 10711, 11021, 11091, 11161}, {11211, 11501, 11571, 11641}, {11706, 11746, 12056, 12126, 12196}, {12246, 12536, 12606, 12676}, {12741, 12781, 13091, 13161, 13231}, {13281, 13571, 13641, 13711}, {13776, 13816, 14126, 14196, 14266}, {14316, 14606, 14676, 14746}, {14811, 14851, 15161, 15231, 15301}', '{100.0, 100.0}, {100.0}, {100.0}, {100.0}, {100.0}, {100.0}, {100.0}, {100.0, 100.0}, {100.0}, {100.0}, {100.0}, {100.0}, {100.0}, {100.0}, {100.0}, {100.0, 100.0}, {100.0}, {100.0}, {100.0}, {100.0}, {100.0}', '100.0, 100.0, 100.0, 100.0, 100.0, 100.0, 100.0, 100.0, 100.0, 100.0, 100.0, 100.0, 100.0, 100.0, 100.0, 100.0, 100.0, 100.0, 100.0, 100.0, 100.0, 100.0, 100.0, 100.0, 100.0, 100.0, 100.0, 100.0, 100.0, 100.0, 100.0, 100.0, 100.0, 100.0, 100.0, 100.0, 100.0, 100.0, 100.0, 100.0, 100.0, 100.0, 100.0', '100.0, 100.0, 100.0, 100.0, 100.0, 100.0, 100.0, 100.0, 100.0, 100.0, 100.0, 100.0, 100.0, 100.0, 100.0, 100.0, 100.0, 100.0, 100.0, 100.0, 100.0, 100.0, 100.0, 100.0, 100.0, 100.0, 100.0, 100.0, 100.0', 19840, '2019-12-18 19:26:20');

-- ----------------------------
-- Table structure for cry1c1op
-- ----------------------------
DROP TABLE IF EXISTS `cry1c1op`;
CREATE TABLE `cry1c1op`  (
  `processName` varchar(255) CHARACTER SET latin1 COLLATE latin1_swedish_ci NOT NULL,
  `processTime` int(11) NOT NULL,
  `processVolume` float NOT NULL,
  `outputToTank` int(11) NOT NULL,
  `discontinuousDelayTime` int(11) NULL DEFAULT NULL,
  `lastChange` datetime(0) NOT NULL ON UPDATE CURRENT_TIMESTAMP(0),
  `forOrder` tinyint(4) NOT NULL
) ENGINE = InnoDB CHARACTER SET = latin1 COLLATE = latin1_swedish_ci ROW_FORMAT = Dynamic;

-- ----------------------------
-- Records of cry1c1op
-- ----------------------------
INSERT INTO `cry1c1op` VALUES ('feed', 40, 55.3, 2, 35, '2019-12-15 14:03:20', 0);
INSERT INTO `cry1c1op` VALUES ('discharge1', 260, 4.3, 1, 35, '2019-12-15 14:03:20', 1);
INSERT INTO `cry1c1op` VALUES ('sweating1', 360, 7, 1, 35, '2019-12-15 14:03:20', 2);
INSERT INTO `cry1c1op` VALUES ('discharge2', 680, 4, 2, 35, '2019-12-15 14:03:20', 3);
INSERT INTO `cry1c1op` VALUES ('sweating2', 800, 6, 2, 35, '2019-12-15 14:03:20', 4);
INSERT INTO `cry1c1op` VALUES ('melting', 850, 34, 3, 35, '2019-12-15 14:03:20', 5);
INSERT INTO `cry1c1op` VALUES ('feed', 40, 55.3, 2, 35, '2019-12-15 14:13:54', 0);
INSERT INTO `cry1c1op` VALUES ('discharge1', 260, 4.3, 1, 35, '2019-12-15 14:13:54', 1);
INSERT INTO `cry1c1op` VALUES ('sweating1', 360, 7, 1, 35, '2019-12-15 14:13:54', 2);
INSERT INTO `cry1c1op` VALUES ('discharge2', 680, 4, 2, 35, '2019-12-15 14:13:54', 3);
INSERT INTO `cry1c1op` VALUES ('sweating2', 800, 6, 2, 35, '2019-12-15 14:13:54', 4);
INSERT INTO `cry1c1op` VALUES ('melting', 850, 34, 3, 35, '2019-12-15 14:13:54', 5);
INSERT INTO `cry1c1op` VALUES ('feed', 40, 55.3, 2, 35, '2019-12-16 13:34:45', 0);
INSERT INTO `cry1c1op` VALUES ('discharge1', 260, 4.3, 1, 35, '2019-12-16 13:34:45', 1);
INSERT INTO `cry1c1op` VALUES ('sweating1', 360, 7, 1, 35, '2019-12-16 13:34:45', 2);
INSERT INTO `cry1c1op` VALUES ('discharge2', 680, 4, 2, 35, '2019-12-16 13:34:45', 3);
INSERT INTO `cry1c1op` VALUES ('sweating2', 800, 6, 2, 35, '2019-12-16 13:34:45', 4);
INSERT INTO `cry1c1op` VALUES ('melting', 850, 34, 3, 35, '2019-12-16 13:34:45', 5);
INSERT INTO `cry1c1op` VALUES ('feed', 36, 55.3, 2, 35, '2019-12-16 13:44:50', 0);
INSERT INTO `cry1c1op` VALUES ('discharge1', 290, 4.5, 1, 35, '2019-12-16 13:44:50', 1);
INSERT INTO `cry1c1op` VALUES ('sweating1', 460, 5.5, 1, 35, '2019-12-16 13:44:50', 2);
INSERT INTO `cry1c1op` VALUES ('discharge2', 715, 4, 2, 35, '2019-12-16 13:44:50', 3);
INSERT INTO `cry1c1op` VALUES ('sweating2', 835, 5.5, 2, 35, '2019-12-16 13:44:50', 4);
INSERT INTO `cry1c1op` VALUES ('melting', 870, 35.8, 3, 35, '2019-12-16 13:44:50', 5);
INSERT INTO `cry1c1op` VALUES ('feed', 36, 55.3, 2, 35, '2019-12-16 13:45:36', 0);
INSERT INTO `cry1c1op` VALUES ('discharge1', 290, 4.5, 1, 35, '2019-12-16 13:45:36', 1);
INSERT INTO `cry1c1op` VALUES ('sweating1', 460, 5.5, 1, 35, '2019-12-16 13:45:36', 2);
INSERT INTO `cry1c1op` VALUES ('discharge2', 715, 4, 2, 35, '2019-12-16 13:45:36', 3);
INSERT INTO `cry1c1op` VALUES ('sweating2', 835, 5.5, 2, 35, '2019-12-16 13:45:36', 4);
INSERT INTO `cry1c1op` VALUES ('melting', 870, 35.8, 3, 35, '2019-12-16 13:45:36', 5);
INSERT INTO `cry1c1op` VALUES ('feed', 36, 55.3, 2, 35, '2019-12-16 14:57:52', 0);
INSERT INTO `cry1c1op` VALUES ('discharge1', 290, 4.5, 1, -1, '2019-12-16 14:57:52', 1);
INSERT INTO `cry1c1op` VALUES ('sweating1', 460, 5.5, 1, -1, '2019-12-16 14:57:52', 2);
INSERT INTO `cry1c1op` VALUES ('discharge2', 715, 4, 2, -1, '2019-12-16 14:57:52', 3);
INSERT INTO `cry1c1op` VALUES ('sweating2', 835, 5.5, 2, -1, '2019-12-16 14:57:52', 4);
INSERT INTO `cry1c1op` VALUES ('melting', 870, 35.8, 3, -1, '2019-12-16 14:57:52', 5);
INSERT INTO `cry1c1op` VALUES ('feed', 36, 55.3, 2, 35, '2019-12-17 14:54:00', 0);
INSERT INTO `cry1c1op` VALUES ('discharge1', 290, 4.5, 1, -1, '2019-12-17 14:54:00', 1);
INSERT INTO `cry1c1op` VALUES ('sweating1', 460, 5.5, 1, -1, '2019-12-17 14:54:00', 2);
INSERT INTO `cry1c1op` VALUES ('discharge2', 715, 4, 2, -1, '2019-12-17 14:54:00', 3);
INSERT INTO `cry1c1op` VALUES ('sweating2', 835, 5.5, 2, -1, '2019-12-17 14:54:00', 4);
INSERT INTO `cry1c1op` VALUES ('melting', 870, 35.8, 3, -1, '2019-12-17 14:54:00', 5);
INSERT INTO `cry1c1op` VALUES ('feed', 36, 55.3, 2, 35, '2019-12-17 20:33:37', 0);
INSERT INTO `cry1c1op` VALUES ('discharge1', 290, 4.5, 1, -1, '2019-12-17 20:33:37', 1);
INSERT INTO `cry1c1op` VALUES ('sweating1', 460, 5.5, 1, -1, '2019-12-17 20:33:37', 2);
INSERT INTO `cry1c1op` VALUES ('discharge2', 715, 4, 2, -1, '2019-12-17 20:33:37', 3);
INSERT INTO `cry1c1op` VALUES ('sweating2', 835, 5.5, 2, -1, '2019-12-17 20:33:37', 4);
INSERT INTO `cry1c1op` VALUES ('melting', 870, 35.8, 3, -1, '2019-12-17 20:33:37', 5);
INSERT INTO `cry1c1op` VALUES ('feed', 36, 55.3, 2, 35, '2019-12-17 22:27:42', 0);
INSERT INTO `cry1c1op` VALUES ('discharge1', 290, 4.5, 1, -1, '2019-12-17 22:27:42', 1);
INSERT INTO `cry1c1op` VALUES ('sweating1', 460, 5.5, 1, -1, '2019-12-17 22:27:42', 2);
INSERT INTO `cry1c1op` VALUES ('discharge2', 715, 4, 2, -1, '2019-12-17 22:27:42', 3);
INSERT INTO `cry1c1op` VALUES ('sweating2', 835, 5.5, 2, -1, '2019-12-17 22:27:42', 4);
INSERT INTO `cry1c1op` VALUES ('melting', 870, 35.8, 3, -1, '2019-12-17 22:27:42', 5);
INSERT INTO `cry1c1op` VALUES ('feed', 36, 55.3, 2, 35, '2019-12-17 22:30:37', 0);
INSERT INTO `cry1c1op` VALUES ('discharge1', 290, 4.5, 1, -1, '2019-12-17 22:30:37', 1);
INSERT INTO `cry1c1op` VALUES ('sweating1', 460, 5.5, 1, -1, '2019-12-17 22:30:37', 2);
INSERT INTO `cry1c1op` VALUES ('discharge2', 715, 4, 2, -1, '2019-12-17 22:30:37', 3);
INSERT INTO `cry1c1op` VALUES ('sweating2', 835, 5.5, 2, -1, '2019-12-17 22:30:37', 4);
INSERT INTO `cry1c1op` VALUES ('melting', 870, 35.8, 3, -1, '2019-12-17 22:30:37', 5);
INSERT INTO `cry1c1op` VALUES ('feed', 36, 55.3, 2, 35, '2019-12-17 22:33:27', 0);
INSERT INTO `cry1c1op` VALUES ('discharge1', 290, 4.5, 1, -1, '2019-12-17 22:33:27', 1);
INSERT INTO `cry1c1op` VALUES ('sweating1', 460, 5.5, 1, -1, '2019-12-17 22:33:27', 2);
INSERT INTO `cry1c1op` VALUES ('discharge2', 715, 4, 2, -1, '2019-12-17 22:33:27', 3);
INSERT INTO `cry1c1op` VALUES ('sweating2', 835, 5.5, 2, -1, '2019-12-17 22:33:27', 4);
INSERT INTO `cry1c1op` VALUES ('melting', 870, 35.8, 3, -1, '2019-12-17 22:33:27', 5);
INSERT INTO `cry1c1op` VALUES ('feed', 36, 55.3, 2, 35, '2019-12-17 22:33:35', 0);
INSERT INTO `cry1c1op` VALUES ('discharge1', 290, 4.5, 1, -1, '2019-12-17 22:33:35', 1);
INSERT INTO `cry1c1op` VALUES ('sweating1', 460, 5.5, 1, -1, '2019-12-17 22:33:35', 2);
INSERT INTO `cry1c1op` VALUES ('discharge2', 715, 4, 2, -1, '2019-12-17 22:33:35', 3);
INSERT INTO `cry1c1op` VALUES ('sweating2', 835, 5.5, 2, -1, '2019-12-17 22:33:35', 4);
INSERT INTO `cry1c1op` VALUES ('melting', 870, 35.8, 3, -1, '2019-12-17 22:33:35', 5);
INSERT INTO `cry1c1op` VALUES ('feed', 36, 55.3, 2, 35, '2019-12-17 23:12:33', 0);
INSERT INTO `cry1c1op` VALUES ('discharge1', 290, 4.5, 1, -1, '2019-12-17 23:12:33', 1);
INSERT INTO `cry1c1op` VALUES ('sweating1', 460, 5.5, 1, -1, '2019-12-17 23:12:33', 2);
INSERT INTO `cry1c1op` VALUES ('discharge2', 715, 4, 2, -1, '2019-12-17 23:12:33', 3);
INSERT INTO `cry1c1op` VALUES ('sweating2', 835, 5.5, 2, -1, '2019-12-17 23:12:33', 4);
INSERT INTO `cry1c1op` VALUES ('melting', 870, 35.8, 3, -1, '2019-12-17 23:12:33', 5);
INSERT INTO `cry1c1op` VALUES ('feed', 36, 55.3, 2, 35, '2019-12-18 12:51:33', 0);
INSERT INTO `cry1c1op` VALUES ('discharge1', 290, 4.5, 1, -1, '2019-12-18 12:51:33', 1);
INSERT INTO `cry1c1op` VALUES ('sweating1', 460, 5.5, 1, -1, '2019-12-18 12:51:33', 2);
INSERT INTO `cry1c1op` VALUES ('discharge2', 715, 4, 2, -1, '2019-12-18 12:51:33', 3);
INSERT INTO `cry1c1op` VALUES ('sweating2', 835, 5.5, 2, -1, '2019-12-18 12:51:33', 4);
INSERT INTO `cry1c1op` VALUES ('melting', 870, 35.8, 3, -1, '2019-12-18 12:51:33', 5);
INSERT INTO `cry1c1op` VALUES ('feed', 36, 55.3, 2, 35, '2019-12-18 12:52:31', 0);
INSERT INTO `cry1c1op` VALUES ('discharge1', 290, 4.5, 1, -1, '2019-12-18 12:52:31', 1);
INSERT INTO `cry1c1op` VALUES ('sweating1', 460, 5.5, 1, -1, '2019-12-18 12:52:31', 2);
INSERT INTO `cry1c1op` VALUES ('discharge2', 715, 4, 2, -1, '2019-12-18 12:52:31', 3);
INSERT INTO `cry1c1op` VALUES ('sweating2', 835, 5.5, 2, -1, '2019-12-18 12:52:31', 4);
INSERT INTO `cry1c1op` VALUES ('melting', 870, 35.8, 3, -1, '2019-12-18 12:52:31', 5);
INSERT INTO `cry1c1op` VALUES ('feed', 36, 55.3, 2, 35, '2019-12-18 12:57:11', 0);
INSERT INTO `cry1c1op` VALUES ('discharge1', 290, 4.5, 1, -1, '2019-12-18 12:57:11', 1);
INSERT INTO `cry1c1op` VALUES ('sweating1', 460, 5.5, 1, -1, '2019-12-18 12:57:11', 2);
INSERT INTO `cry1c1op` VALUES ('discharge2', 715, 4, 2, -1, '2019-12-18 12:57:11', 3);
INSERT INTO `cry1c1op` VALUES ('sweating2', 835, 5.5, 2, -1, '2019-12-18 12:57:11', 4);
INSERT INTO `cry1c1op` VALUES ('melting', 870, 35.8, 3, -1, '2019-12-18 12:57:11', 5);

-- ----------------------------
-- Table structure for cry1c2op
-- ----------------------------
DROP TABLE IF EXISTS `cry1c2op`;
CREATE TABLE `cry1c2op`  (
  `processName` varchar(255) CHARACTER SET latin1 COLLATE latin1_swedish_ci NOT NULL,
  `processTime` int(11) NOT NULL,
  `processVolume` float NOT NULL,
  `outputToTank` int(11) NOT NULL,
  `discontinuousDelayTime` int(11) NULL DEFAULT NULL,
  `lastChange` datetime(0) NOT NULL ON UPDATE CURRENT_TIMESTAMP(0),
  `forOrder` tinyint(4) NOT NULL
) ENGINE = InnoDB CHARACTER SET = latin1 COLLATE = latin1_swedish_ci ROW_FORMAT = Dynamic;

-- ----------------------------
-- Records of cry1c2op
-- ----------------------------
INSERT INTO `cry1c2op` VALUES ('feed', 40, 55.3, 1, 35, '2019-12-15 14:03:20', 0);
INSERT INTO `cry1c2op` VALUES ('discharge1', 345, 2.5, 0, 35, '2019-12-15 14:03:20', 1);
INSERT INTO `cry1c2op` VALUES ('sweating1', 650, 20, 0, 35, '2019-12-15 14:03:20', 2);
INSERT INTO `cry1c2op` VALUES ('supple1', 660, 22.5, 2, 35, '2019-12-15 14:03:20', 3);
INSERT INTO `cry1c2op` VALUES ('discharge2', 880, 3.5, 1, 35, '2019-12-15 14:03:20', 4);
INSERT INTO `cry1c2op` VALUES ('sweating2', 980, 6.3, 1, 35, '2019-12-15 14:03:20', 5);
INSERT INTO `cry1c2op` VALUES ('melting', 1970, 38.3, 3, 35, '2019-12-15 14:03:20', 11);
INSERT INTO `cry1c2op` VALUES ('feed', 40, 55.3, 1, 35, '2019-12-15 14:13:54', 0);
INSERT INTO `cry1c2op` VALUES ('discharge1', 345, 2.5, 0, 35, '2019-12-15 14:13:54', 1);
INSERT INTO `cry1c2op` VALUES ('sweating1', 650, 20, 0, 35, '2019-12-15 14:13:54', 2);
INSERT INTO `cry1c2op` VALUES ('supple1', 660, 22.5, 2, 35, '2019-12-15 14:13:54', 3);
INSERT INTO `cry1c2op` VALUES ('discharge2', 1000, 3.5, 1, 35, '2019-12-16 12:42:43', 4);
INSERT INTO `cry1c2op` VALUES ('sweating2', 1100, 6.3, 1, 35, '2019-12-16 13:14:23', 5);
INSERT INTO `cry1c2op` VALUES ('melting', 1970, 38.3, 3, 35, '2019-12-15 14:13:54', 11);
INSERT INTO `cry1c2op` VALUES ('feed', 40, 6.3, 1, 35, '2019-12-16 13:34:45', 0);
INSERT INTO `cry1c2op` VALUES ('discharge1', 345, 3.5, 1, 35, '2019-12-16 13:34:45', 1);
INSERT INTO `cry1c2op` VALUES ('sweating1', 650, 55.3, 1, 35, '2019-12-16 13:34:45', 2);
INSERT INTO `cry1c2op` VALUES ('supple1', 660, 2.5, 0, 35, '2019-12-16 13:34:45', 3);
INSERT INTO `cry1c2op` VALUES ('discharge2', 1000, 20, 0, 35, '2019-12-16 13:34:45', 4);
INSERT INTO `cry1c2op` VALUES ('sweating2', 1100, 22.5, 2, 35, '2019-12-16 13:34:45', 5);
INSERT INTO `cry1c2op` VALUES ('supple2', 1970, 38.3, 3, 35, '2019-12-16 13:34:45', 6);
INSERT INTO `cry1c2op` VALUES ('feed', 40, 55.3, 1, 35, '2019-12-16 13:44:51', 0);
INSERT INTO `cry1c2op` VALUES ('discharge1', 345, 2.5, 0, 35, '2019-12-16 13:44:51', 1);
INSERT INTO `cry1c2op` VALUES ('sweating1', 650, 21, 0, 35, '2019-12-16 13:44:51', 2);
INSERT INTO `cry1c2op` VALUES ('supple1', 660, 23.5, 2, 35, '2019-12-16 13:44:51', 3);
INSERT INTO `cry1c2op` VALUES ('discharge2', 1000, 3.7, 1, 35, '2019-12-16 13:44:51', 4);
INSERT INTO `cry1c2op` VALUES ('sweating2', 1100, 6.3, 1, 35, '2019-12-16 13:44:51', 5);
INSERT INTO `cry1c2op` VALUES ('supple2', 1136, 45.3, 3, 35, '2019-12-16 13:44:51', 6);
INSERT INTO `cry1c2op` VALUES ('feed', 40, 55.3, 1, 35, '2019-12-16 13:45:36', 0);
INSERT INTO `cry1c2op` VALUES ('discharge1', 345, 2.5, 0, 35, '2019-12-16 13:45:36', 1);
INSERT INTO `cry1c2op` VALUES ('sweating1', 650, 21, 0, 35, '2019-12-16 13:45:36', 2);
INSERT INTO `cry1c2op` VALUES ('supple1', 660, 23.5, 2, 35, '2019-12-16 13:45:36', 3);
INSERT INTO `cry1c2op` VALUES ('discharge2', 1000, 3.7, 1, 35, '2019-12-16 13:45:36', 4);
INSERT INTO `cry1c2op` VALUES ('sweating2', 1100, 6.3, 1, 35, '2019-12-16 13:45:36', 5);
INSERT INTO `cry1c2op` VALUES ('supple2', 1136, 45.3, 3, 35, '2019-12-16 13:45:36', 6);
INSERT INTO `cry1c2op` VALUES ('feed', 40, 55.3, 1, 35, '2019-12-16 14:57:52', 0);
INSERT INTO `cry1c2op` VALUES ('discharge1', 345, 2.5, 0, -1, '2019-12-16 14:57:52', 1);
INSERT INTO `cry1c2op` VALUES ('sweating1', 650, 21, 0, -1, '2019-12-16 14:57:52', 2);
INSERT INTO `cry1c2op` VALUES ('supple1', 660, 23.5, 2, -1, '2019-12-16 14:57:52', 3);
INSERT INTO `cry1c2op` VALUES ('discharge2', 1000, 3.7, 1, -1, '2019-12-16 14:57:52', 4);
INSERT INTO `cry1c2op` VALUES ('sweating2', 1100, 6.3, 1, -1, '2019-12-16 14:57:52', 5);
INSERT INTO `cry1c2op` VALUES ('melting', 1136, 45.3, 3, -1, '2019-12-16 14:57:52', 6);
INSERT INTO `cry1c2op` VALUES ('feed', 40, 55.3, 1, 35, '2019-12-17 14:54:00', 0);
INSERT INTO `cry1c2op` VALUES ('discharge1', 345, 2.5, 0, -1, '2019-12-17 14:54:00', 1);
INSERT INTO `cry1c2op` VALUES ('sweating1', 650, 21, 0, -1, '2019-12-17 14:54:00', 2);
INSERT INTO `cry1c2op` VALUES ('supple1', 660, 23.5, 2, -1, '2019-12-17 14:54:00', 3);
INSERT INTO `cry1c2op` VALUES ('discharge2', 1000, 3.7, 1, -1, '2019-12-17 14:54:00', 4);
INSERT INTO `cry1c2op` VALUES ('sweating2', 1100, 6.3, 1, -1, '2019-12-17 14:54:00', 5);
INSERT INTO `cry1c2op` VALUES ('melting', 1136, 45.3, 2, -1, '2019-12-17 14:54:00', 6);
INSERT INTO `cry1c2op` VALUES ('feed', 40, 55.3, 1, 35, '2019-12-17 20:33:37', 0);
INSERT INTO `cry1c2op` VALUES ('discharge1', 345, 2.5, 0, -1, '2019-12-17 20:33:37', 1);
INSERT INTO `cry1c2op` VALUES ('sweating1', 650, 21, 0, -1, '2019-12-17 20:33:37', 2);
INSERT INTO `cry1c2op` VALUES ('supple1', 660, 23.5, 2, -1, '2019-12-17 20:33:37', 3);
INSERT INTO `cry1c2op` VALUES ('discharge2', 1000, 3.7, 1, -1, '2019-12-17 20:33:37', 4);
INSERT INTO `cry1c2op` VALUES ('sweating2', 1100, 6.3, 1, -1, '2019-12-17 20:33:37', 5);
INSERT INTO `cry1c2op` VALUES ('melting', 1136, 45.3, 2, -1, '2019-12-17 20:33:37', 6);
INSERT INTO `cry1c2op` VALUES ('feed', 40, 55.3, 1, 35, '2019-12-17 22:27:42', 0);
INSERT INTO `cry1c2op` VALUES ('discharge1', 345, 2.5, 0, -1, '2019-12-17 22:27:42', 1);
INSERT INTO `cry1c2op` VALUES ('sweating1', 650, 21, 0, -1, '2019-12-17 22:27:42', 2);
INSERT INTO `cry1c2op` VALUES ('supple1', 660, 23.5, 2, -1, '2019-12-17 22:27:42', 3);
INSERT INTO `cry1c2op` VALUES ('discharge2', 1000, 3.7, 1, -1, '2019-12-17 22:27:42', 4);
INSERT INTO `cry1c2op` VALUES ('sweating2', 1100, 6.3, 1, -1, '2019-12-17 22:27:42', 5);
INSERT INTO `cry1c2op` VALUES ('melting', 1136, 45.3, 2, -1, '2019-12-17 22:27:42', 6);
INSERT INTO `cry1c2op` VALUES ('feed', 40, 55.3, 1, 35, '2019-12-17 22:30:37', 0);
INSERT INTO `cry1c2op` VALUES ('discharge1', 345, 2.5, 0, -1, '2019-12-17 22:30:37', 1);
INSERT INTO `cry1c2op` VALUES ('sweating1', 650, 21, 0, -1, '2019-12-17 22:30:37', 2);
INSERT INTO `cry1c2op` VALUES ('supple1', 660, 23.5, 2, -1, '2019-12-17 22:30:37', 3);
INSERT INTO `cry1c2op` VALUES ('discharge2', 1000, 3.7, 1, -1, '2019-12-17 22:30:37', 4);
INSERT INTO `cry1c2op` VALUES ('sweating2', 1100, 6.3, 1, -1, '2019-12-17 22:30:37', 5);
INSERT INTO `cry1c2op` VALUES ('melting', 1136, 45.3, 2, -1, '2019-12-17 22:30:37', 6);
INSERT INTO `cry1c2op` VALUES ('feed', 40, 55.3, 1, 35, '2019-12-17 22:33:27', 0);
INSERT INTO `cry1c2op` VALUES ('discharge1', 345, 2.5, 0, -1, '2019-12-17 22:33:27', 1);
INSERT INTO `cry1c2op` VALUES ('sweating1', 650, 21, 0, -1, '2019-12-17 22:33:27', 2);
INSERT INTO `cry1c2op` VALUES ('supple1', 660, 23.5, 2, -1, '2019-12-17 22:33:27', 3);
INSERT INTO `cry1c2op` VALUES ('discharge2', 1000, 3.7, 1, -1, '2019-12-17 22:33:27', 4);
INSERT INTO `cry1c2op` VALUES ('sweating2', 1100, 6.3, 1, -1, '2019-12-17 22:33:27', 5);
INSERT INTO `cry1c2op` VALUES ('melting', 1136, 45.3, 2, -1, '2019-12-17 22:33:27', 6);
INSERT INTO `cry1c2op` VALUES ('feed', 40, 55.3, 1, 35, '2019-12-17 22:33:35', 0);
INSERT INTO `cry1c2op` VALUES ('discharge1', 345, 2.5, 0, -1, '2019-12-17 22:33:35', 1);
INSERT INTO `cry1c2op` VALUES ('sweating1', 650, 21, 0, -1, '2019-12-17 22:33:35', 2);
INSERT INTO `cry1c2op` VALUES ('supple1', 660, 23.5, 2, -1, '2019-12-17 22:33:35', 3);
INSERT INTO `cry1c2op` VALUES ('discharge2', 1000, 3.7, 1, -1, '2019-12-17 22:33:35', 4);
INSERT INTO `cry1c2op` VALUES ('sweating2', 1100, 6.3, 1, -1, '2019-12-17 22:33:35', 5);
INSERT INTO `cry1c2op` VALUES ('melting', 1136, 45.3, 2, -1, '2019-12-17 22:33:35', 6);
INSERT INTO `cry1c2op` VALUES ('feed', 40, 55.3, 1, 35, '2019-12-17 23:12:33', 0);
INSERT INTO `cry1c2op` VALUES ('discharge1', 345, 2.5, 0, -1, '2019-12-17 23:12:33', 1);
INSERT INTO `cry1c2op` VALUES ('sweating1', 650, 21, 0, -1, '2019-12-17 23:12:33', 2);
INSERT INTO `cry1c2op` VALUES ('supple1', 660, 23.5, 2, -1, '2019-12-17 23:12:33', 3);
INSERT INTO `cry1c2op` VALUES ('discharge2', 1000, 3.7, 1, -1, '2019-12-17 23:12:33', 4);
INSERT INTO `cry1c2op` VALUES ('sweating2', 1100, 6.3, 1, -1, '2019-12-17 23:12:33', 5);
INSERT INTO `cry1c2op` VALUES ('melting', 1136, 45.3, 2, -1, '2019-12-17 23:12:33', 6);
INSERT INTO `cry1c2op` VALUES ('feed', 40, 55.3, 1, 35, '2019-12-18 12:51:33', 0);
INSERT INTO `cry1c2op` VALUES ('discharge1', 345, 2.5, 0, -1, '2019-12-18 12:51:33', 1);
INSERT INTO `cry1c2op` VALUES ('sweating1', 650, 21, 0, -1, '2019-12-18 12:51:33', 2);
INSERT INTO `cry1c2op` VALUES ('supple1', 660, 23.5, 2, -1, '2019-12-18 12:51:33', 3);
INSERT INTO `cry1c2op` VALUES ('discharge2', 1000, 3.7, 1, -1, '2019-12-18 12:51:33', 4);
INSERT INTO `cry1c2op` VALUES ('sweating2', 1100, 6.3, 1, -1, '2019-12-18 12:51:33', 5);
INSERT INTO `cry1c2op` VALUES ('melting', 1136, 45.3, 2, -1, '2019-12-18 12:51:33', 6);
INSERT INTO `cry1c2op` VALUES ('feed', 40, 55.3, 1, 35, '2019-12-18 12:52:31', 0);
INSERT INTO `cry1c2op` VALUES ('discharge1', 345, 2.5, 0, -1, '2019-12-18 12:52:31', 1);
INSERT INTO `cry1c2op` VALUES ('sweating1', 650, 21, 0, -1, '2019-12-18 12:52:31', 2);
INSERT INTO `cry1c2op` VALUES ('supple1', 660, 23.5, 2, -1, '2019-12-18 12:52:31', 3);
INSERT INTO `cry1c2op` VALUES ('discharge2', 1000, 3.7, 1, -1, '2019-12-18 12:52:31', 4);
INSERT INTO `cry1c2op` VALUES ('sweating2', 1100, 6.3, 1, -1, '2019-12-18 12:52:31', 5);
INSERT INTO `cry1c2op` VALUES ('melting', 1136, 45.3, 2, -1, '2019-12-18 12:52:31', 6);
INSERT INTO `cry1c2op` VALUES ('feed', 40, 55.3, 1, 35, '2019-12-18 12:57:11', 0);
INSERT INTO `cry1c2op` VALUES ('discharge1', 345, 2.5, 0, -1, '2019-12-18 12:57:11', 1);
INSERT INTO `cry1c2op` VALUES ('sweating1', 650, 21, 0, -1, '2019-12-18 12:57:11', 2);
INSERT INTO `cry1c2op` VALUES ('supple1', 660, 23.5, 2, -1, '2019-12-18 12:57:11', 3);
INSERT INTO `cry1c2op` VALUES ('discharge2', 1000, 3.7, 1, -1, '2019-12-18 12:57:11', 4);
INSERT INTO `cry1c2op` VALUES ('sweating2', 1100, 6.3, 1, -1, '2019-12-18 12:57:11', 5);
INSERT INTO `cry1c2op` VALUES ('melting', 1136, 45.3, 2, -1, '2019-12-18 12:57:11', 6);

-- ----------------------------
-- Table structure for cry1p1op
-- ----------------------------
DROP TABLE IF EXISTS `cry1p1op`;
CREATE TABLE `cry1p1op`  (
  `processName` varchar(255) CHARACTER SET latin1 COLLATE latin1_swedish_ci NOT NULL,
  `processTime` int(11) NOT NULL,
  `processVolume` float NOT NULL,
  `outputToTank` int(11) NOT NULL,
  `discontinuousDelayTime` int(11) NULL DEFAULT NULL,
  `lastChange` datetime(0) NOT NULL ON UPDATE CURRENT_TIMESTAMP(0),
  `forOrder` tinyint(4) NOT NULL
) ENGINE = InnoDB CHARACTER SET = latin1 COLLATE = latin1_swedish_ci ROW_FORMAT = Dynamic;

-- ----------------------------
-- Records of cry1p1op
-- ----------------------------
INSERT INTO `cry1p1op` VALUES ('feed', 40, 58, 4, 35, '2019-12-15 14:03:20', 0);
INSERT INTO `cry1p1op` VALUES ('discharge', 290, 20, 3, 35, '2019-12-15 14:03:20', 1);
INSERT INTO `cry1p1op` VALUES ('sweating1', 350, 3, 3, 35, '2019-12-15 14:03:20', 2);
INSERT INTO `cry1p1op` VALUES ('sweating2', 410, 2, 4, 35, '2019-12-15 14:03:20', 3);
INSERT INTO `cry1p1op` VALUES ('melting', 445, 33, 5, 35, '2019-12-15 14:03:20', 4);
INSERT INTO `cry1p1op` VALUES ('feed', 40, 58, 4, 35, '2019-12-15 14:13:54', 0);
INSERT INTO `cry1p1op` VALUES ('discharge', 290, 20, 3, 35, '2019-12-15 14:13:54', 1);
INSERT INTO `cry1p1op` VALUES ('sweating1', 350, 3, 3, 35, '2019-12-15 14:13:54', 2);
INSERT INTO `cry1p1op` VALUES ('sweating2', 410, 2, 4, 35, '2019-12-15 14:13:54', 3);
INSERT INTO `cry1p1op` VALUES ('melting', 445, 33, 5, 35, '2019-12-15 14:13:54', 4);
INSERT INTO `cry1p1op` VALUES ('feed', 40, 58, 4, 35, '2019-12-16 13:34:45', 0);
INSERT INTO `cry1p1op` VALUES ('discharge', 290, 20, 3, 35, '2019-12-16 13:34:45', 1);
INSERT INTO `cry1p1op` VALUES ('sweating1', 350, 3, 3, 35, '2019-12-16 13:34:45', 2);
INSERT INTO `cry1p1op` VALUES ('sweating2', 410, 2, 4, 35, '2019-12-16 13:34:45', 3);
INSERT INTO `cry1p1op` VALUES ('melting', 445, 33, 5, 35, '2019-12-16 13:34:45', 4);
INSERT INTO `cry1p1op` VALUES ('feed', 40, 55.3, 4, 35, '2019-12-16 13:44:51', 0);
INSERT INTO `cry1p1op` VALUES ('discharge', 340, 10.3, 3, 35, '2019-12-16 13:44:51', 1);
INSERT INTO `cry1p1op` VALUES ('sweating1', 410, 4.5, 3, 35, '2019-12-16 13:44:51', 2);
INSERT INTO `cry1p1op` VALUES ('sweating2', 480, 3.7, 4, 35, '2019-12-16 13:44:51', 3);
INSERT INTO `cry1p1op` VALUES ('melting', 505, 33, 5, 35, '2019-12-16 13:44:51', 4);
INSERT INTO `cry1p1op` VALUES ('feed', 40, 55.3, 4, 35, '2019-12-16 13:45:36', 0);
INSERT INTO `cry1p1op` VALUES ('discharge', 340, 10.3, 3, 35, '2019-12-16 13:45:36', 1);
INSERT INTO `cry1p1op` VALUES ('sweating1', 410, 4.5, 3, 35, '2019-12-16 13:45:36', 2);
INSERT INTO `cry1p1op` VALUES ('sweating2', 480, 3.7, 4, 35, '2019-12-16 13:45:36', 3);
INSERT INTO `cry1p1op` VALUES ('melting', 505, 33, 5, 35, '2019-12-16 13:45:36', 4);
INSERT INTO `cry1p1op` VALUES ('feed', 40, 55.3, 4, 35, '2019-12-16 14:57:52', 0);
INSERT INTO `cry1p1op` VALUES ('discharge', 340, 10.3, 3, -1, '2019-12-16 14:57:52', 1);
INSERT INTO `cry1p1op` VALUES ('sweating1', 410, 4.5, 3, -1, '2019-12-16 14:57:52', 2);
INSERT INTO `cry1p1op` VALUES ('sweating2', 480, 3.7, 4, -1, '2019-12-16 14:57:52', 3);
INSERT INTO `cry1p1op` VALUES ('melting', 505, 33, 5, -1, '2019-12-16 14:57:52', 4);
INSERT INTO `cry1p1op` VALUES ('feed', 40, 55.3, 4, 35, '2019-12-17 14:54:00', 0);
INSERT INTO `cry1p1op` VALUES ('discharge', 340, 10.3, 3, -1, '2019-12-17 14:54:00', 1);
INSERT INTO `cry1p1op` VALUES ('sweating1', 410, 4.5, 3, -1, '2019-12-17 14:54:00', 2);
INSERT INTO `cry1p1op` VALUES ('sweating2', 480, 3.7, 4, -1, '2019-12-17 14:54:00', 3);
INSERT INTO `cry1p1op` VALUES ('melting', 505, 33, 5, -1, '2019-12-17 14:54:00', 4);
INSERT INTO `cry1p1op` VALUES ('feed', 40, 55.3, 4, 35, '2019-12-17 20:33:37', 0);
INSERT INTO `cry1p1op` VALUES ('discharge', 340, 10.3, 3, -1, '2019-12-17 20:33:37', 1);
INSERT INTO `cry1p1op` VALUES ('sweating1', 410, 4.5, 3, -1, '2019-12-17 20:33:37', 2);
INSERT INTO `cry1p1op` VALUES ('sweating2', 480, 3.7, 4, -1, '2019-12-17 20:33:37', 3);
INSERT INTO `cry1p1op` VALUES ('melting', 505, 33, 5, -1, '2019-12-17 20:33:37', 4);
INSERT INTO `cry1p1op` VALUES ('feed', 40, 55.3, 4, 35, '2019-12-17 22:27:42', 0);
INSERT INTO `cry1p1op` VALUES ('discharge', 340, 10.3, 3, -1, '2019-12-17 22:27:42', 1);
INSERT INTO `cry1p1op` VALUES ('sweating1', 410, 4.5, 3, -1, '2019-12-17 22:27:42', 2);
INSERT INTO `cry1p1op` VALUES ('sweating2', 480, 3.7, 4, -1, '2019-12-17 22:27:42', 3);
INSERT INTO `cry1p1op` VALUES ('melting', 505, 33, 5, -1, '2019-12-17 22:27:42', 4);
INSERT INTO `cry1p1op` VALUES ('feed', 40, 55.3, 4, 35, '2019-12-17 22:30:37', 0);
INSERT INTO `cry1p1op` VALUES ('discharge', 340, 10.3, 3, -1, '2019-12-17 22:30:37', 1);
INSERT INTO `cry1p1op` VALUES ('sweating1', 410, 4.5, 3, -1, '2019-12-17 22:30:37', 2);
INSERT INTO `cry1p1op` VALUES ('sweating2', 480, 3.7, 4, -1, '2019-12-17 22:30:37', 3);
INSERT INTO `cry1p1op` VALUES ('melting', 505, 33, 5, -1, '2019-12-17 22:30:37', 4);
INSERT INTO `cry1p1op` VALUES ('feed', 40, 55.3, 4, 35, '2019-12-17 22:33:27', 0);
INSERT INTO `cry1p1op` VALUES ('discharge', 340, 10.3, 3, -1, '2019-12-17 22:33:27', 1);
INSERT INTO `cry1p1op` VALUES ('sweating1', 410, 4.5, 3, -1, '2019-12-17 22:33:27', 2);
INSERT INTO `cry1p1op` VALUES ('sweating2', 480, 3.7, 4, -1, '2019-12-17 22:33:27', 3);
INSERT INTO `cry1p1op` VALUES ('melting', 505, 33, 5, -1, '2019-12-17 22:33:27', 4);
INSERT INTO `cry1p1op` VALUES ('feed', 40, 55.3, 4, 35, '2019-12-17 22:33:35', 0);
INSERT INTO `cry1p1op` VALUES ('discharge', 340, 10.3, 3, -1, '2019-12-17 22:33:35', 1);
INSERT INTO `cry1p1op` VALUES ('sweating1', 410, 4.5, 3, -1, '2019-12-17 22:33:35', 2);
INSERT INTO `cry1p1op` VALUES ('sweating2', 480, 3.7, 4, -1, '2019-12-17 22:33:35', 3);
INSERT INTO `cry1p1op` VALUES ('melting', 505, 33, 5, -1, '2019-12-17 22:33:35', 4);
INSERT INTO `cry1p1op` VALUES ('feed', 40, 55.3, 4, 35, '2019-12-17 23:12:33', 0);
INSERT INTO `cry1p1op` VALUES ('discharge', 340, 10.3, 3, -1, '2019-12-17 23:12:33', 1);
INSERT INTO `cry1p1op` VALUES ('sweating1', 410, 4.5, 3, -1, '2019-12-17 23:12:33', 2);
INSERT INTO `cry1p1op` VALUES ('sweating2', 480, 3.7, 4, -1, '2019-12-17 23:12:33', 3);
INSERT INTO `cry1p1op` VALUES ('melting', 505, 33, 5, -1, '2019-12-17 23:12:33', 4);
INSERT INTO `cry1p1op` VALUES ('feed', 40, 55.3, 4, 35, '2019-12-18 12:51:33', 0);
INSERT INTO `cry1p1op` VALUES ('discharge', 340, 10.3, 3, -1, '2019-12-18 12:51:33', 1);
INSERT INTO `cry1p1op` VALUES ('sweating1', 410, 4.5, 3, -1, '2019-12-18 12:51:33', 2);
INSERT INTO `cry1p1op` VALUES ('sweating2', 480, 3.7, 4, -1, '2019-12-18 12:51:33', 3);
INSERT INTO `cry1p1op` VALUES ('melting', 505, 33, 5, -1, '2019-12-18 12:51:33', 4);
INSERT INTO `cry1p1op` VALUES ('feed', 40, 55.3, 4, 35, '2019-12-18 12:52:31', 0);
INSERT INTO `cry1p1op` VALUES ('discharge', 340, 10.3, 3, -1, '2019-12-18 12:52:31', 1);
INSERT INTO `cry1p1op` VALUES ('sweating1', 410, 4.5, 3, -1, '2019-12-18 12:52:31', 2);
INSERT INTO `cry1p1op` VALUES ('sweating2', 480, 3.7, 4, -1, '2019-12-18 12:52:31', 3);
INSERT INTO `cry1p1op` VALUES ('melting', 505, 33, 5, -1, '2019-12-18 12:52:31', 4);
INSERT INTO `cry1p1op` VALUES ('feed', 40, 55.3, 4, 35, '2019-12-18 12:57:11', 0);
INSERT INTO `cry1p1op` VALUES ('discharge', 340, 10.3, 3, -1, '2019-12-18 12:57:11', 1);
INSERT INTO `cry1p1op` VALUES ('sweating1', 410, 4.5, 3, -1, '2019-12-18 12:57:11', 2);
INSERT INTO `cry1p1op` VALUES ('sweating2', 480, 3.7, 4, -1, '2019-12-18 12:57:11', 3);
INSERT INTO `cry1p1op` VALUES ('melting', 505, 33, 5, -1, '2019-12-18 12:57:11', 4);

-- ----------------------------
-- Table structure for cry2p2op
-- ----------------------------
DROP TABLE IF EXISTS `cry2p2op`;
CREATE TABLE `cry2p2op`  (
  `processName` varchar(255) CHARACTER SET latin1 COLLATE latin1_swedish_ci NOT NULL,
  `processTime` int(11) NOT NULL,
  `processVolume` float NOT NULL,
  `outputToTank` int(11) NOT NULL,
  `discontinuousDelayTime` int(11) NULL DEFAULT NULL,
  `lastChange` datetime(0) NOT NULL ON UPDATE CURRENT_TIMESTAMP(0),
  `forOrder` tinyint(4) NOT NULL
) ENGINE = InnoDB CHARACTER SET = latin1 COLLATE = latin1_swedish_ci ROW_FORMAT = Dynamic;

-- ----------------------------
-- Records of cry2p2op
-- ----------------------------
INSERT INTO `cry2p2op` VALUES ('feed', 40, 58, 4, 27, '2019-12-15 14:03:20', 0);
INSERT INTO `cry2p2op` VALUES ('discharge', 290, 20, 3, 27, '2019-12-15 14:03:20', 1);
INSERT INTO `cry2p2op` VALUES ('sweating1', 350, 3, 3, 27, '2019-12-15 14:03:20', 2);
INSERT INTO `cry2p2op` VALUES ('sweating2', 410, 2, 4, 27, '2019-12-15 14:03:20', 3);
INSERT INTO `cry2p2op` VALUES ('melting', 445, 33, 5, 27, '2019-12-15 14:03:20', 4);
INSERT INTO `cry2p2op` VALUES ('feed', 40, 58, 4, 27, '2019-12-15 14:13:54', 0);
INSERT INTO `cry2p2op` VALUES ('discharge', 290, 20, 3, 27, '2019-12-15 14:13:54', 1);
INSERT INTO `cry2p2op` VALUES ('sweating1', 350, 3, 3, 27, '2019-12-15 14:13:54', 2);
INSERT INTO `cry2p2op` VALUES ('sweating2', 410, 2, 4, 27, '2019-12-15 14:13:54', 3);
INSERT INTO `cry2p2op` VALUES ('melting', 445, 33, 5, 27, '2019-12-15 14:13:54', 4);
INSERT INTO `cry2p2op` VALUES ('feed', 40, 58, 4, 27, '2019-12-16 13:34:45', 0);
INSERT INTO `cry2p2op` VALUES ('discharge', 290, 20, 3, 27, '2019-12-16 13:34:45', 1);
INSERT INTO `cry2p2op` VALUES ('sweating1', 350, 3, 3, 27, '2019-12-16 13:34:45', 2);
INSERT INTO `cry2p2op` VALUES ('sweating2', 410, 2, 4, 27, '2019-12-16 13:34:45', 3);
INSERT INTO `cry2p2op` VALUES ('melting', 445, 33, 5, 27, '2019-12-16 13:34:45', 4);
INSERT INTO `cry2p2op` VALUES ('feed', 40, 58, 4, 27, '2019-12-16 13:44:51', 0);
INSERT INTO `cry2p2op` VALUES ('discharge', 290, 20, 3, 27, '2019-12-16 13:44:51', 1);
INSERT INTO `cry2p2op` VALUES ('sweating1', 350, 2, 3, 27, '2019-12-16 13:44:51', 2);
INSERT INTO `cry2p2op` VALUES ('sweating2', 410, 2, 4, 27, '2019-12-16 13:44:51', 3);
INSERT INTO `cry2p2op` VALUES ('melting', 443, 33, 5, 27, '2019-12-16 13:44:51', 4);
INSERT INTO `cry2p2op` VALUES ('feed', 40, 58, 4, 27, '2019-12-16 13:45:36', 0);
INSERT INTO `cry2p2op` VALUES ('discharge', 290, 20, 3, 27, '2019-12-16 13:45:36', 1);
INSERT INTO `cry2p2op` VALUES ('sweating1', 350, 2, 3, 27, '2019-12-16 13:45:36', 2);
INSERT INTO `cry2p2op` VALUES ('sweating2', 410, 2, 4, 27, '2019-12-16 13:45:36', 3);
INSERT INTO `cry2p2op` VALUES ('melting', 443, 33, 5, 27, '2019-12-16 13:45:36', 4);
INSERT INTO `cry2p2op` VALUES ('feed', 40, 58, 4, 27, '2019-12-16 14:57:52', 0);
INSERT INTO `cry2p2op` VALUES ('discharge', 290, 20, 3, -1, '2019-12-16 14:57:52', 1);
INSERT INTO `cry2p2op` VALUES ('sweating1', 350, 2, 3, -1, '2019-12-16 14:57:52', 2);
INSERT INTO `cry2p2op` VALUES ('sweating2', 410, 2, 4, -1, '2019-12-16 14:57:52', 3);
INSERT INTO `cry2p2op` VALUES ('melting', 443, 33, 5, -1, '2019-12-16 14:57:52', 4);
INSERT INTO `cry2p2op` VALUES ('feed', 40, 58, 4, 27, '2019-12-17 14:54:00', 0);
INSERT INTO `cry2p2op` VALUES ('discharge', 290, 20, 3, -1, '2019-12-17 14:54:00', 1);
INSERT INTO `cry2p2op` VALUES ('sweating1', 350, 2, 3, -1, '2019-12-17 14:54:00', 2);
INSERT INTO `cry2p2op` VALUES ('sweating2', 410, 2, 4, -1, '2019-12-17 14:54:00', 3);
INSERT INTO `cry2p2op` VALUES ('melting', 443, 33, 5, -1, '2019-12-17 14:54:00', 4);
INSERT INTO `cry2p2op` VALUES ('feed', 40, 58, 4, 27, '2019-12-17 20:33:37', 0);
INSERT INTO `cry2p2op` VALUES ('discharge', 290, 20, 3, -1, '2019-12-17 20:33:37', 1);
INSERT INTO `cry2p2op` VALUES ('sweating1', 350, 2, 3, -1, '2019-12-17 20:33:37', 2);
INSERT INTO `cry2p2op` VALUES ('sweating2', 410, 2, 4, -1, '2019-12-17 20:33:37', 3);
INSERT INTO `cry2p2op` VALUES ('melting', 443, 33, 5, -1, '2019-12-17 20:33:37', 4);
INSERT INTO `cry2p2op` VALUES ('feed', 40, 58, 4, 27, '2019-12-17 22:27:42', 0);
INSERT INTO `cry2p2op` VALUES ('discharge', 290, 20, 3, -1, '2019-12-17 22:27:42', 1);
INSERT INTO `cry2p2op` VALUES ('sweating1', 350, 2, 3, -1, '2019-12-17 22:27:42', 2);
INSERT INTO `cry2p2op` VALUES ('sweating2', 410, 2, 4, -1, '2019-12-17 22:27:42', 3);
INSERT INTO `cry2p2op` VALUES ('melting', 443, 33, 5, -1, '2019-12-17 22:27:42', 4);
INSERT INTO `cry2p2op` VALUES ('feed', 40, 58, 4, 27, '2019-12-17 22:30:37', 0);
INSERT INTO `cry2p2op` VALUES ('discharge', 290, 20, 3, -1, '2019-12-17 22:30:37', 1);
INSERT INTO `cry2p2op` VALUES ('sweating1', 350, 2, 3, -1, '2019-12-17 22:30:37', 2);
INSERT INTO `cry2p2op` VALUES ('sweating2', 410, 2, 4, -1, '2019-12-17 22:30:37', 3);
INSERT INTO `cry2p2op` VALUES ('melting', 443, 33, 5, -1, '2019-12-17 22:30:37', 4);
INSERT INTO `cry2p2op` VALUES ('feed', 40, 58, 4, 27, '2019-12-17 22:33:27', 0);
INSERT INTO `cry2p2op` VALUES ('discharge', 290, 20, 3, -1, '2019-12-17 22:33:27', 1);
INSERT INTO `cry2p2op` VALUES ('sweating1', 350, 2, 3, -1, '2019-12-17 22:33:27', 2);
INSERT INTO `cry2p2op` VALUES ('sweating2', 410, 2, 4, -1, '2019-12-17 22:33:27', 3);
INSERT INTO `cry2p2op` VALUES ('melting', 443, 33, 5, -1, '2019-12-17 22:33:27', 4);
INSERT INTO `cry2p2op` VALUES ('feed', 40, 58, 4, 27, '2019-12-17 22:33:35', 0);
INSERT INTO `cry2p2op` VALUES ('discharge', 290, 20, 3, -1, '2019-12-17 22:33:35', 1);
INSERT INTO `cry2p2op` VALUES ('sweating1', 350, 2, 3, -1, '2019-12-17 22:33:35', 2);
INSERT INTO `cry2p2op` VALUES ('sweating2', 410, 2, 4, -1, '2019-12-17 22:33:35', 3);
INSERT INTO `cry2p2op` VALUES ('melting', 443, 33, 5, -1, '2019-12-17 22:33:35', 4);
INSERT INTO `cry2p2op` VALUES ('feed', 40, 58, 4, 27, '2019-12-17 23:12:33', 0);
INSERT INTO `cry2p2op` VALUES ('discharge', 290, 20, 3, -1, '2019-12-17 23:12:33', 1);
INSERT INTO `cry2p2op` VALUES ('sweating1', 350, 2, 3, -1, '2019-12-17 23:12:33', 2);
INSERT INTO `cry2p2op` VALUES ('sweating2', 410, 2, 4, -1, '2019-12-17 23:12:33', 3);
INSERT INTO `cry2p2op` VALUES ('melting', 443, 33, 5, -1, '2019-12-17 23:12:33', 4);
INSERT INTO `cry2p2op` VALUES ('feed', 40, 58, 4, 27, '2019-12-18 12:51:33', 0);
INSERT INTO `cry2p2op` VALUES ('discharge', 290, 20, 3, -1, '2019-12-18 12:51:33', 1);
INSERT INTO `cry2p2op` VALUES ('sweating1', 350, 2, 3, -1, '2019-12-18 12:51:33', 2);
INSERT INTO `cry2p2op` VALUES ('sweating2', 410, 2, 4, -1, '2019-12-18 12:51:33', 3);
INSERT INTO `cry2p2op` VALUES ('melting', 443, 33, 5, -1, '2019-12-18 12:51:33', 4);
INSERT INTO `cry2p2op` VALUES ('feed', 40, 58, 4, 27, '2019-12-18 12:52:31', 0);
INSERT INTO `cry2p2op` VALUES ('discharge', 290, 20, 3, -1, '2019-12-18 12:52:31', 1);
INSERT INTO `cry2p2op` VALUES ('sweating1', 350, 2, 3, -1, '2019-12-18 12:52:31', 2);
INSERT INTO `cry2p2op` VALUES ('sweating2', 410, 2, 4, -1, '2019-12-18 12:52:31', 3);
INSERT INTO `cry2p2op` VALUES ('melting', 443, 33, 5, -1, '2019-12-18 12:52:31', 4);
INSERT INTO `cry2p2op` VALUES ('feed', 40, 58, 4, 27, '2019-12-18 12:57:11', 0);
INSERT INTO `cry2p2op` VALUES ('discharge', 290, 20, 3, -1, '2019-12-18 12:57:11', 1);
INSERT INTO `cry2p2op` VALUES ('sweating1', 350, 2, 3, -1, '2019-12-18 12:57:11', 2);
INSERT INTO `cry2p2op` VALUES ('sweating2', 410, 2, 4, -1, '2019-12-18 12:57:11', 3);
INSERT INTO `cry2p2op` VALUES ('melting', 443, 33, 5, -1, '2019-12-18 12:57:11', 4);

-- ----------------------------
-- Table structure for cry2p3op
-- ----------------------------
DROP TABLE IF EXISTS `cry2p3op`;
CREATE TABLE `cry2p3op`  (
  `processName` varchar(255) CHARACTER SET latin1 COLLATE latin1_swedish_ci NOT NULL,
  `processTime` int(11) NOT NULL,
  `processVolume` float NOT NULL,
  `outputToTank` int(11) NOT NULL,
  `discontinuousDelayTime` int(11) NULL DEFAULT NULL,
  `lastChange` datetime(0) NOT NULL ON UPDATE CURRENT_TIMESTAMP(0),
  `forOrder` tinyint(4) NOT NULL
) ENGINE = InnoDB CHARACTER SET = latin1 COLLATE = latin1_swedish_ci ROW_FORMAT = Dynamic;

-- ----------------------------
-- Records of cry2p3op
-- ----------------------------
INSERT INTO `cry2p3op` VALUES ('feed', 40, 58, 5, 22, '2019-12-15 14:03:20', 0);
INSERT INTO `cry2p3op` VALUES ('discharge', 305, 22, 4, 22, '2019-12-15 14:03:20', 1);
INSERT INTO `cry2p3op` VALUES ('melting', 340, 36, 6, 22, '2019-12-15 14:03:20', 2);
INSERT INTO `cry2p3op` VALUES ('feed', 40, 58, 5, 22, '2019-12-15 14:13:54', 0);
INSERT INTO `cry2p3op` VALUES ('discharge', 305, 22, 4, 22, '2019-12-15 14:13:54', 1);
INSERT INTO `cry2p3op` VALUES ('melting', 340, 36, 6, 22, '2019-12-15 14:13:54', 2);
INSERT INTO `cry2p3op` VALUES ('feed', 40, 58, 5, 22, '2019-12-16 13:34:45', 0);
INSERT INTO `cry2p3op` VALUES ('discharge', 305, 22, 4, 22, '2019-12-16 13:34:45', 1);
INSERT INTO `cry2p3op` VALUES ('melting', 340, 36, 6, 22, '2019-12-16 13:34:45', 2);
INSERT INTO `cry2p3op` VALUES ('feed', 40, 58, 5, 22, '2019-12-16 13:44:51', 0);
INSERT INTO `cry2p3op` VALUES ('discharge', 258, 20.5, 4, 22, '2019-12-16 13:44:51', 1);
INSERT INTO `cry2p3op` VALUES ('melting', 348, 36, 6, 22, '2019-12-16 13:44:51', 2);
INSERT INTO `cry2p3op` VALUES ('feed', 40, 58, 5, 22, '2019-12-16 13:45:37', 0);
INSERT INTO `cry2p3op` VALUES ('discharge', 258, 20.5, 4, 22, '2019-12-16 13:45:37', 1);
INSERT INTO `cry2p3op` VALUES ('melting', 348, 36, 6, 22, '2019-12-16 13:45:37', 2);
INSERT INTO `cry2p3op` VALUES ('feed', 40, 58, 5, 22, '2019-12-16 14:57:52', 0);
INSERT INTO `cry2p3op` VALUES ('discharge', 258, 20.5, 4, -1, '2019-12-16 14:57:52', 1);
INSERT INTO `cry2p3op` VALUES ('melting', 348, 36, 6, -1, '2019-12-16 14:57:52', 2);
INSERT INTO `cry2p3op` VALUES ('feed', 40, 58, 5, 22, '2019-12-17 14:54:00', 0);
INSERT INTO `cry2p3op` VALUES ('discharge', 258, 20.5, 4, -1, '2019-12-17 14:54:00', 1);
INSERT INTO `cry2p3op` VALUES ('melting', 348, 36, 6, -1, '2019-12-17 14:54:00', 2);
INSERT INTO `cry2p3op` VALUES ('feed', 40, 58, 5, 22, '2019-12-17 20:33:37', 0);
INSERT INTO `cry2p3op` VALUES ('discharge', 258, 20.5, 4, -1, '2019-12-17 20:33:37', 1);
INSERT INTO `cry2p3op` VALUES ('melting', 348, 36, 6, -1, '2019-12-17 20:33:37', 2);
INSERT INTO `cry2p3op` VALUES ('feed', 40, 58, 5, 22, '2019-12-17 22:27:42', 0);
INSERT INTO `cry2p3op` VALUES ('discharge', 258, 20.5, 4, -1, '2019-12-17 22:27:42', 1);
INSERT INTO `cry2p3op` VALUES ('melting', 348, 36, 6, -1, '2019-12-17 22:27:42', 2);
INSERT INTO `cry2p3op` VALUES ('feed', 40, 58, 5, 22, '2019-12-17 22:30:37', 0);
INSERT INTO `cry2p3op` VALUES ('discharge', 258, 20.5, 4, -1, '2019-12-17 22:30:37', 1);
INSERT INTO `cry2p3op` VALUES ('melting', 348, 36, 6, -1, '2019-12-17 22:30:37', 2);
INSERT INTO `cry2p3op` VALUES ('feed', 40, 58, 5, 22, '2019-12-17 22:33:27', 0);
INSERT INTO `cry2p3op` VALUES ('discharge', 258, 20.5, 4, -1, '2019-12-17 22:33:27', 1);
INSERT INTO `cry2p3op` VALUES ('melting', 348, 36, 6, -1, '2019-12-17 22:33:27', 2);
INSERT INTO `cry2p3op` VALUES ('feed', 40, 58, 5, 22, '2019-12-17 22:33:35', 0);
INSERT INTO `cry2p3op` VALUES ('discharge', 258, 20.5, 4, -1, '2019-12-17 22:33:35', 1);
INSERT INTO `cry2p3op` VALUES ('melting', 348, 36, 6, -1, '2019-12-17 22:33:35', 2);
INSERT INTO `cry2p3op` VALUES ('feed', 40, 58, 5, 22, '2019-12-17 23:12:33', 0);
INSERT INTO `cry2p3op` VALUES ('discharge', 258, 20.5, 4, -1, '2019-12-17 23:12:33', 1);
INSERT INTO `cry2p3op` VALUES ('melting', 348, 36, 6, -1, '2019-12-17 23:12:33', 2);
INSERT INTO `cry2p3op` VALUES ('feed', 40, 58, 5, 22, '2019-12-18 12:51:33', 0);
INSERT INTO `cry2p3op` VALUES ('discharge', 258, 20.5, 4, -1, '2019-12-18 12:51:33', 1);
INSERT INTO `cry2p3op` VALUES ('melting', 348, 36, 6, -1, '2019-12-18 12:51:33', 2);
INSERT INTO `cry2p3op` VALUES ('feed', 40, 58, 5, 22, '2019-12-18 12:52:31', 0);
INSERT INTO `cry2p3op` VALUES ('discharge', 258, 20.5, 4, -1, '2019-12-18 12:52:31', 1);
INSERT INTO `cry2p3op` VALUES ('melting', 348, 36, 6, -1, '2019-12-18 12:52:31', 2);
INSERT INTO `cry2p3op` VALUES ('feed', 40, 58, 5, 22, '2019-12-18 12:57:11', 0);
INSERT INTO `cry2p3op` VALUES ('discharge', 258, 20.5, 4, -1, '2019-12-18 12:57:11', 1);
INSERT INTO `cry2p3op` VALUES ('melting', 348, 36, 6, -1, '2019-12-18 12:57:11', 2);

-- ----------------------------
-- Table structure for cry2p4op
-- ----------------------------
DROP TABLE IF EXISTS `cry2p4op`;
CREATE TABLE `cry2p4op`  (
  `processName` varchar(255) CHARACTER SET latin1 COLLATE latin1_swedish_ci NOT NULL,
  `processTime` int(11) NOT NULL,
  `processVolume` float NOT NULL,
  `outputToTank` int(11) NOT NULL,
  `discontinuousDelayTime` int(11) NULL DEFAULT NULL,
  `lastChange` datetime(0) NOT NULL ON UPDATE CURRENT_TIMESTAMP(0),
  `forOrder` tinyint(4) NOT NULL
) ENGINE = InnoDB CHARACTER SET = latin1 COLLATE = latin1_swedish_ci ROW_FORMAT = Dynamic;

-- ----------------------------
-- Records of cry2p4op
-- ----------------------------
INSERT INTO `cry2p4op` VALUES ('feed', 40, 58, 6, 35, '2019-12-15 14:03:20', 0);
INSERT INTO `cry2p4op` VALUES ('discharge', 320, 22, 5, 35, '2019-12-15 14:03:20', 1);
INSERT INTO `cry2p4op` VALUES ('melting', 335, 36, 7, 35, '2019-12-15 14:03:20', 2);
INSERT INTO `cry2p4op` VALUES ('feed', 40, 58, 6, 35, '2019-12-15 14:13:54', 0);
INSERT INTO `cry2p4op` VALUES ('discharge', 320, 22, 5, 35, '2019-12-15 14:13:54', 1);
INSERT INTO `cry2p4op` VALUES ('melting', 335, 36, 7, 35, '2019-12-15 14:13:54', 2);
INSERT INTO `cry2p4op` VALUES ('feed', 40, 58, 6, 35, '2019-12-16 13:34:45', 0);
INSERT INTO `cry2p4op` VALUES ('discharge', 320, 22, 5, 35, '2019-12-16 13:34:45', 1);
INSERT INTO `cry2p4op` VALUES ('melting', 335, 36, 7, 35, '2019-12-16 13:34:45', 2);
INSERT INTO `cry2p4op` VALUES ('feed', 40, 58, 6, 35, '2019-12-16 13:44:51', 0);
INSERT INTO `cry2p4op` VALUES ('discharge', 320, 22, 5, 35, '2019-12-16 13:44:51', 1);
INSERT INTO `cry2p4op` VALUES ('melting', 335, 36, 7, 35, '2019-12-16 13:44:51', 2);
INSERT INTO `cry2p4op` VALUES ('feed', 40, 58, 6, 35, '2019-12-16 13:45:37', 0);
INSERT INTO `cry2p4op` VALUES ('discharge', 320, 22, 5, 35, '2019-12-16 13:45:37', 1);
INSERT INTO `cry2p4op` VALUES ('melting', 335, 36, 7, 35, '2019-12-16 13:45:37', 2);
INSERT INTO `cry2p4op` VALUES ('feed', 40, 58, 6, 35, '2019-12-16 14:57:52', 0);
INSERT INTO `cry2p4op` VALUES ('discharge', 320, 22, 5, -1, '2019-12-16 14:57:52', 1);
INSERT INTO `cry2p4op` VALUES ('melting', 335, 36, 7, -1, '2019-12-16 14:57:52', 2);
INSERT INTO `cry2p4op` VALUES ('feed', 40, 58, 6, 35, '2019-12-17 14:54:00', 0);
INSERT INTO `cry2p4op` VALUES ('discharge', 320, 22, 5, -1, '2019-12-17 14:54:00', 1);
INSERT INTO `cry2p4op` VALUES ('melting', 335, 36, 7, -1, '2019-12-17 14:54:00', 2);
INSERT INTO `cry2p4op` VALUES ('feed', 40, 58, 6, 35, '2019-12-17 20:33:37', 0);
INSERT INTO `cry2p4op` VALUES ('discharge', 320, 22, 5, -1, '2019-12-17 20:33:37', 1);
INSERT INTO `cry2p4op` VALUES ('melting', 335, 36, 7, -1, '2019-12-17 20:33:37', 2);
INSERT INTO `cry2p4op` VALUES ('feed', 40, 58, 6, 35, '2019-12-17 22:27:42', 0);
INSERT INTO `cry2p4op` VALUES ('discharge', 320, 22, 5, -1, '2019-12-17 22:27:42', 1);
INSERT INTO `cry2p4op` VALUES ('melting', 335, 36, 7, -1, '2019-12-17 22:27:42', 2);
INSERT INTO `cry2p4op` VALUES ('feed', 40, 58, 6, 35, '2019-12-17 22:30:37', 0);
INSERT INTO `cry2p4op` VALUES ('discharge', 320, 22, 5, -1, '2019-12-17 22:30:37', 1);
INSERT INTO `cry2p4op` VALUES ('melting', 335, 36, 7, -1, '2019-12-17 22:30:37', 2);
INSERT INTO `cry2p4op` VALUES ('feed', 40, 58, 6, 35, '2019-12-17 22:33:27', 0);
INSERT INTO `cry2p4op` VALUES ('discharge', 320, 22, 5, -1, '2019-12-17 22:33:27', 1);
INSERT INTO `cry2p4op` VALUES ('melting', 335, 36, 7, -1, '2019-12-17 22:33:27', 2);
INSERT INTO `cry2p4op` VALUES ('feed', 40, 58, 6, 35, '2019-12-17 22:33:35', 0);
INSERT INTO `cry2p4op` VALUES ('discharge', 320, 22, 5, -1, '2019-12-17 22:33:35', 1);
INSERT INTO `cry2p4op` VALUES ('melting', 335, 36, 7, -1, '2019-12-17 22:33:35', 2);
INSERT INTO `cry2p4op` VALUES ('feed', 40, 58, 6, 35, '2019-12-17 23:12:33', 0);
INSERT INTO `cry2p4op` VALUES ('discharge', 320, 22, 5, -1, '2019-12-17 23:12:33', 1);
INSERT INTO `cry2p4op` VALUES ('melting', 335, 36, 7, -1, '2019-12-17 23:12:33', 2);
INSERT INTO `cry2p4op` VALUES ('feed', 40, 58, 6, 35, '2019-12-18 12:51:33', 0);
INSERT INTO `cry2p4op` VALUES ('discharge', 320, 22, 5, -1, '2019-12-18 12:51:33', 1);
INSERT INTO `cry2p4op` VALUES ('melting', 335, 36, 7, -1, '2019-12-18 12:51:33', 2);
INSERT INTO `cry2p4op` VALUES ('feed', 40, 58, 6, 35, '2019-12-18 12:52:31', 0);
INSERT INTO `cry2p4op` VALUES ('discharge', 320, 22, 5, -1, '2019-12-18 12:52:31', 1);
INSERT INTO `cry2p4op` VALUES ('melting', 335, 36, 7, -1, '2019-12-18 12:52:31', 2);
INSERT INTO `cry2p4op` VALUES ('feed', 40, 58, 6, 35, '2019-12-18 12:57:11', 0);
INSERT INTO `cry2p4op` VALUES ('discharge', 320, 22, 5, -1, '2019-12-18 12:57:11', 1);
INSERT INTO `cry2p4op` VALUES ('melting', 335, 36, 7, -1, '2019-12-18 12:57:11', 2);

-- ----------------------------
-- Table structure for cry2p5op
-- ----------------------------
DROP TABLE IF EXISTS `cry2p5op`;
CREATE TABLE `cry2p5op`  (
  `processName` varchar(255) CHARACTER SET latin1 COLLATE latin1_swedish_ci NOT NULL,
  `processTime` int(11) NOT NULL,
  `processVolume` float NOT NULL,
  `outputToTank` int(11) NOT NULL,
  `discontinuousDelayTime` int(11) NULL DEFAULT NULL,
  `lastChange` datetime(0) NOT NULL ON UPDATE CURRENT_TIMESTAMP(0),
  `forOrder` tinyint(4) NOT NULL
) ENGINE = InnoDB CHARACTER SET = latin1 COLLATE = latin1_swedish_ci ROW_FORMAT = Dynamic;

-- ----------------------------
-- Records of cry2p5op
-- ----------------------------
INSERT INTO `cry2p5op` VALUES ('feed', 40, 58, 7, 35, '2019-12-15 14:03:20', 0);
INSERT INTO `cry2p5op` VALUES ('discharge', 320, 23.5, 6, 35, '2019-12-15 14:03:20', 1);
INSERT INTO `cry2p5op` VALUES ('melting', 345, 34.5, 8, 35, '2019-12-15 14:03:20', 2);
INSERT INTO `cry2p5op` VALUES ('feed', 40, 58, 7, 35, '2019-12-15 14:13:54', 0);
INSERT INTO `cry2p5op` VALUES ('discharge', 320, 23.5, 6, 35, '2019-12-15 14:13:54', 1);
INSERT INTO `cry2p5op` VALUES ('melting', 345, 34.5, 8, 35, '2019-12-15 14:13:54', 2);
INSERT INTO `cry2p5op` VALUES ('feed', 40, 58, 7, 35, '2019-12-16 13:34:45', 0);
INSERT INTO `cry2p5op` VALUES ('discharge', 320, 23.5, 6, 35, '2019-12-16 13:34:45', 1);
INSERT INTO `cry2p5op` VALUES ('melting', 345, 34.5, 8, 35, '2019-12-16 13:34:45', 2);
INSERT INTO `cry2p5op` VALUES ('feed', 40, 58, 7, 35, '2019-12-16 13:44:51', 0);
INSERT INTO `cry2p5op` VALUES ('discharge', 320, 23.5, 6, 35, '2019-12-16 13:44:51', 1);
INSERT INTO `cry2p5op` VALUES ('melting', 345, 34.5, 8, 35, '2019-12-16 13:44:51', 2);
INSERT INTO `cry2p5op` VALUES ('feed', 40, 58, 7, 35, '2019-12-16 13:45:37', 0);
INSERT INTO `cry2p5op` VALUES ('discharge', 320, 23.5, 6, 35, '2019-12-16 13:45:37', 1);
INSERT INTO `cry2p5op` VALUES ('melting', 345, 34.5, 8, 35, '2019-12-16 13:45:37', 2);
INSERT INTO `cry2p5op` VALUES ('feed', 40, 58, 7, 35, '2019-12-16 14:57:52', 0);
INSERT INTO `cry2p5op` VALUES ('discharge', 320, 23.5, 6, -1, '2019-12-16 14:57:52', 1);
INSERT INTO `cry2p5op` VALUES ('melting', 345, 34.5, 8, -1, '2019-12-16 14:57:52', 2);
INSERT INTO `cry2p5op` VALUES ('feed', 40, 58, 7, 35, '2019-12-17 14:54:00', 0);
INSERT INTO `cry2p5op` VALUES ('discharge', 320, 23.5, 6, -1, '2019-12-17 14:54:00', 1);
INSERT INTO `cry2p5op` VALUES ('melting', 345, 34.5, 8, -1, '2019-12-17 14:54:00', 2);
INSERT INTO `cry2p5op` VALUES ('feed', 40, 58, 7, 35, '2019-12-17 20:33:37', 0);
INSERT INTO `cry2p5op` VALUES ('discharge', 320, 23.5, 6, -1, '2019-12-17 20:33:37', 1);
INSERT INTO `cry2p5op` VALUES ('melting', 345, 34.5, 8, -1, '2019-12-17 20:33:37', 2);
INSERT INTO `cry2p5op` VALUES ('feed', 40, 58, 7, 35, '2019-12-17 22:27:42', 0);
INSERT INTO `cry2p5op` VALUES ('discharge', 320, 23.5, 6, -1, '2019-12-17 22:27:42', 1);
INSERT INTO `cry2p5op` VALUES ('melting', 345, 34.5, 8, -1, '2019-12-17 22:27:42', 2);
INSERT INTO `cry2p5op` VALUES ('feed', 40, 58, 7, 35, '2019-12-17 22:30:37', 0);
INSERT INTO `cry2p5op` VALUES ('discharge', 320, 23.5, 6, -1, '2019-12-17 22:30:37', 1);
INSERT INTO `cry2p5op` VALUES ('melting', 345, 34.5, 8, -1, '2019-12-17 22:30:37', 2);
INSERT INTO `cry2p5op` VALUES ('feed', 40, 58, 7, 35, '2019-12-17 22:33:27', 0);
INSERT INTO `cry2p5op` VALUES ('discharge', 320, 23.5, 6, -1, '2019-12-17 22:33:27', 1);
INSERT INTO `cry2p5op` VALUES ('melting', 345, 34.5, 8, -1, '2019-12-17 22:33:27', 2);
INSERT INTO `cry2p5op` VALUES ('feed', 40, 58, 7, 35, '2019-12-17 22:33:35', 0);
INSERT INTO `cry2p5op` VALUES ('discharge', 320, 23.5, 6, -1, '2019-12-17 22:33:35', 1);
INSERT INTO `cry2p5op` VALUES ('melting', 345, 34.5, 8, -1, '2019-12-17 22:33:35', 2);
INSERT INTO `cry2p5op` VALUES ('feed', 40, 58, 7, 35, '2019-12-17 23:12:33', 0);
INSERT INTO `cry2p5op` VALUES ('discharge', 320, 23.5, 6, -1, '2019-12-17 23:12:33', 1);
INSERT INTO `cry2p5op` VALUES ('melting', 345, 34.5, 8, -1, '2019-12-17 23:12:33', 2);
INSERT INTO `cry2p5op` VALUES ('feed', 40, 58, 7, 35, '2019-12-18 12:51:33', 0);
INSERT INTO `cry2p5op` VALUES ('discharge', 320, 23.5, 6, -1, '2019-12-18 12:51:33', 1);
INSERT INTO `cry2p5op` VALUES ('melting', 345, 34.5, 8, -1, '2019-12-18 12:51:33', 2);
INSERT INTO `cry2p5op` VALUES ('feed', 40, 58, 7, 35, '2019-12-18 12:52:31', 0);
INSERT INTO `cry2p5op` VALUES ('discharge', 320, 23.5, 6, -1, '2019-12-18 12:52:31', 1);
INSERT INTO `cry2p5op` VALUES ('melting', 345, 34.5, 8, -1, '2019-12-18 12:52:31', 2);
INSERT INTO `cry2p5op` VALUES ('feed', 40, 58, 7, 35, '2019-12-18 12:57:11', 0);
INSERT INTO `cry2p5op` VALUES ('discharge', 320, 23.5, 6, -1, '2019-12-18 12:57:11', 1);
INSERT INTO `cry2p5op` VALUES ('melting', 345, 34.5, 8, -1, '2019-12-18 12:57:11', 2);

-- ----------------------------
-- Table structure for cry3p1op
-- ----------------------------
DROP TABLE IF EXISTS `cry3p1op`;
CREATE TABLE `cry3p1op`  (
  `processName` varchar(255) CHARACTER SET latin1 COLLATE latin1_swedish_ci NOT NULL,
  `processTime` int(11) NOT NULL,
  `processVolume` float NOT NULL,
  `outputToTank` int(11) NOT NULL,
  `discontinuousDelayTime` int(11) NULL DEFAULT NULL,
  `lastChange` datetime(0) NOT NULL ON UPDATE CURRENT_TIMESTAMP(0),
  `forOrder` tinyint(4) NOT NULL
) ENGINE = InnoDB CHARACTER SET = latin1 COLLATE = latin1_swedish_ci ROW_FORMAT = Dynamic;

-- ----------------------------
-- Records of cry3p1op
-- ----------------------------
INSERT INTO `cry3p1op` VALUES ('feed', 40, 56, 3, 35, '2019-12-15 14:03:20', 0);
INSERT INTO `cry3p1op` VALUES ('discharge', 350, 18.2, 2, 35, '2019-12-15 14:03:20', 1);
INSERT INTO `cry3p1op` VALUES ('sweating1', 420, 1.9, 2, 35, '2019-12-15 14:03:20', 2);
INSERT INTO `cry3p1op` VALUES ('sweating2', 490, 1.9, 3, 35, '2019-12-15 14:03:20', 3);
INSERT INTO `cry3p1op` VALUES ('melting', 540, 34, 4, 35, '2019-12-15 14:03:20', 4);
INSERT INTO `cry3p1op` VALUES ('feed', 40, 56, 3, 35, '2019-12-15 14:13:54', 0);
INSERT INTO `cry3p1op` VALUES ('discharge', 350, 18.2, 2, 35, '2019-12-15 14:13:54', 1);
INSERT INTO `cry3p1op` VALUES ('sweating1', 420, 1.9, 2, 35, '2019-12-15 14:13:54', 2);
INSERT INTO `cry3p1op` VALUES ('sweating2', 490, 1.9, 3, 35, '2019-12-15 14:13:54', 3);
INSERT INTO `cry3p1op` VALUES ('melting', 540, 34, 4, 35, '2019-12-15 14:13:54', 4);
INSERT INTO `cry3p1op` VALUES ('feed', 40, 56, 3, 35, '2019-12-16 13:34:46', 0);
INSERT INTO `cry3p1op` VALUES ('discharge', 350, 18.2, 2, 35, '2019-12-16 13:34:46', 1);
INSERT INTO `cry3p1op` VALUES ('sweating1', 420, 1.9, 2, 35, '2019-12-16 13:34:46', 2);
INSERT INTO `cry3p1op` VALUES ('sweating2', 490, 1.9, 3, 35, '2019-12-16 13:34:46', 3);
INSERT INTO `cry3p1op` VALUES ('melting', 540, 34, 4, 35, '2019-12-16 13:34:46', 4);
INSERT INTO `cry3p1op` VALUES ('feed', 40, 56, 3, 35, '2019-12-16 13:44:51', 0);
INSERT INTO `cry3p1op` VALUES ('discharge', 350, 17, 2, 35, '2019-12-16 13:44:51', 1);
INSERT INTO `cry3p1op` VALUES ('sweating1', 420, 1.7, 2, 35, '2019-12-16 13:44:51', 2);
INSERT INTO `cry3p1op` VALUES ('sweating2', 490, 1.6, 3, 35, '2019-12-16 13:44:51', 3);
INSERT INTO `cry3p1op` VALUES ('melting', 540, 34, 4, 35, '2019-12-16 13:44:51', 4);
INSERT INTO `cry3p1op` VALUES ('feed', 40, 56, 3, 35, '2019-12-16 13:45:37', 0);
INSERT INTO `cry3p1op` VALUES ('discharge', 350, 17, 2, 35, '2019-12-16 13:45:37', 1);
INSERT INTO `cry3p1op` VALUES ('sweating1', 420, 1.7, 2, 35, '2019-12-16 13:45:37', 2);
INSERT INTO `cry3p1op` VALUES ('sweating2', 490, 1.6, 3, 35, '2019-12-16 13:45:37', 3);
INSERT INTO `cry3p1op` VALUES ('melting', 540, 34, 4, 35, '2019-12-16 13:45:37', 4);
INSERT INTO `cry3p1op` VALUES ('feed', 40, 56, 3, 35, '2019-12-16 14:57:52', 0);
INSERT INTO `cry3p1op` VALUES ('discharge', 350, 17, 2, -1, '2019-12-16 14:57:52', 1);
INSERT INTO `cry3p1op` VALUES ('sweating1', 420, 1.7, 2, -1, '2019-12-16 14:57:52', 2);
INSERT INTO `cry3p1op` VALUES ('sweating2', 490, 1.6, 3, -1, '2019-12-16 14:57:52', 3);
INSERT INTO `cry3p1op` VALUES ('melting', 540, 34, 4, -1, '2019-12-16 14:57:52', 4);
INSERT INTO `cry3p1op` VALUES ('feed', 40, 56, 3, 35, '2019-12-17 14:54:00', 0);
INSERT INTO `cry3p1op` VALUES ('discharge', 350, 17, 2, -1, '2019-12-17 14:54:00', 1);
INSERT INTO `cry3p1op` VALUES ('sweating1', 420, 1.7, 2, -1, '2019-12-17 14:54:00', 2);
INSERT INTO `cry3p1op` VALUES ('sweating2', 490, 1.6, 3, -1, '2019-12-17 14:54:00', 3);
INSERT INTO `cry3p1op` VALUES ('melting', 540, 34, 4, -1, '2019-12-17 14:54:00', 4);
INSERT INTO `cry3p1op` VALUES ('feed', 40, 56, 3, 35, '2019-12-17 20:33:37', 0);
INSERT INTO `cry3p1op` VALUES ('discharge', 350, 17, 2, -1, '2019-12-17 20:33:37', 1);
INSERT INTO `cry3p1op` VALUES ('sweating1', 420, 1.7, 2, -1, '2019-12-17 20:33:37', 2);
INSERT INTO `cry3p1op` VALUES ('sweating2', 490, 1.6, 3, -1, '2019-12-17 20:33:37', 3);
INSERT INTO `cry3p1op` VALUES ('melting', 540, 34, 4, -1, '2019-12-17 20:33:37', 4);
INSERT INTO `cry3p1op` VALUES ('feed', 40, 56, 3, 35, '2019-12-17 22:27:42', 0);
INSERT INTO `cry3p1op` VALUES ('discharge', 350, 17, 2, -1, '2019-12-17 22:27:42', 1);
INSERT INTO `cry3p1op` VALUES ('sweating1', 420, 1.7, 2, -1, '2019-12-17 22:27:42', 2);
INSERT INTO `cry3p1op` VALUES ('sweating2', 490, 1.6, 3, -1, '2019-12-17 22:27:42', 3);
INSERT INTO `cry3p1op` VALUES ('melting', 540, 34, 4, -1, '2019-12-17 22:27:42', 4);
INSERT INTO `cry3p1op` VALUES ('feed', 40, 56, 3, 35, '2019-12-17 22:30:37', 0);
INSERT INTO `cry3p1op` VALUES ('discharge', 350, 17, 2, -1, '2019-12-17 22:30:37', 1);
INSERT INTO `cry3p1op` VALUES ('sweating1', 420, 1.7, 2, -1, '2019-12-17 22:30:37', 2);
INSERT INTO `cry3p1op` VALUES ('sweating2', 490, 1.6, 3, -1, '2019-12-17 22:30:37', 3);
INSERT INTO `cry3p1op` VALUES ('melting', 540, 34, 4, -1, '2019-12-17 22:30:37', 4);
INSERT INTO `cry3p1op` VALUES ('feed', 40, 56, 3, 35, '2019-12-17 22:33:27', 0);
INSERT INTO `cry3p1op` VALUES ('discharge', 350, 17, 2, -1, '2019-12-17 22:33:27', 1);
INSERT INTO `cry3p1op` VALUES ('sweating1', 420, 1.7, 2, -1, '2019-12-17 22:33:27', 2);
INSERT INTO `cry3p1op` VALUES ('sweating2', 490, 1.6, 3, -1, '2019-12-17 22:33:27', 3);
INSERT INTO `cry3p1op` VALUES ('melting', 540, 34, 4, -1, '2019-12-17 22:33:27', 4);
INSERT INTO `cry3p1op` VALUES ('feed', 40, 56, 3, 35, '2019-12-17 22:33:35', 0);
INSERT INTO `cry3p1op` VALUES ('discharge', 350, 17, 2, -1, '2019-12-17 22:33:35', 1);
INSERT INTO `cry3p1op` VALUES ('sweating1', 420, 1.7, 2, -1, '2019-12-17 22:33:35', 2);
INSERT INTO `cry3p1op` VALUES ('sweating2', 490, 1.6, 3, -1, '2019-12-17 22:33:35', 3);
INSERT INTO `cry3p1op` VALUES ('melting', 540, 34, 4, -1, '2019-12-17 22:33:35', 4);
INSERT INTO `cry3p1op` VALUES ('feed', 40, 56, 3, 35, '2019-12-17 23:12:33', 0);
INSERT INTO `cry3p1op` VALUES ('discharge', 350, 17, 2, -1, '2019-12-17 23:12:33', 1);
INSERT INTO `cry3p1op` VALUES ('sweating1', 420, 1.7, 2, -1, '2019-12-17 23:12:33', 2);
INSERT INTO `cry3p1op` VALUES ('sweating2', 490, 1.6, 3, -1, '2019-12-17 23:12:33', 3);
INSERT INTO `cry3p1op` VALUES ('melting', 540, 34, 4, -1, '2019-12-17 23:12:33', 4);
INSERT INTO `cry3p1op` VALUES ('feed', 40, 56, 3, 35, '2019-12-18 12:51:33', 0);
INSERT INTO `cry3p1op` VALUES ('discharge', 350, 17, 2, -1, '2019-12-18 12:51:33', 1);
INSERT INTO `cry3p1op` VALUES ('sweating1', 420, 1.7, 2, -1, '2019-12-18 12:51:33', 2);
INSERT INTO `cry3p1op` VALUES ('sweating2', 490, 1.6, 3, -1, '2019-12-18 12:51:33', 3);
INSERT INTO `cry3p1op` VALUES ('melting', 540, 34, 4, -1, '2019-12-18 12:51:33', 4);
INSERT INTO `cry3p1op` VALUES ('feed', 40, 56, 3, 35, '2019-12-18 12:52:31', 0);
INSERT INTO `cry3p1op` VALUES ('discharge', 350, 17, 2, -1, '2019-12-18 12:52:31', 1);
INSERT INTO `cry3p1op` VALUES ('sweating1', 420, 1.7, 2, -1, '2019-12-18 12:52:31', 2);
INSERT INTO `cry3p1op` VALUES ('sweating2', 490, 1.6, 3, -1, '2019-12-18 12:52:31', 3);
INSERT INTO `cry3p1op` VALUES ('melting', 540, 34, 4, -1, '2019-12-18 12:52:31', 4);
INSERT INTO `cry3p1op` VALUES ('feed', 40, 56, 3, 35, '2019-12-18 12:57:11', 0);
INSERT INTO `cry3p1op` VALUES ('discharge', 350, 17, 2, -1, '2019-12-18 12:57:11', 1);
INSERT INTO `cry3p1op` VALUES ('sweating1', 420, 1.7, 2, -1, '2019-12-18 12:57:11', 2);
INSERT INTO `cry3p1op` VALUES ('sweating2', 490, 1.6, 3, -1, '2019-12-18 12:57:11', 3);
INSERT INTO `cry3p1op` VALUES ('melting', 540, 34, 4, -1, '2019-12-18 12:57:11', 4);

-- ----------------------------
-- Table structure for cry3p2op
-- ----------------------------
DROP TABLE IF EXISTS `cry3p2op`;
CREATE TABLE `cry3p2op`  (
  `processName` varchar(255) CHARACTER SET latin1 COLLATE latin1_swedish_ci NOT NULL,
  `processTime` int(11) NOT NULL,
  `processVolume` float NOT NULL,
  `outputToTank` int(11) NOT NULL,
  `discontinuousDelayTime` int(11) NULL DEFAULT NULL,
  `lastChange` datetime(0) NOT NULL ON UPDATE CURRENT_TIMESTAMP(0),
  `forOrder` tinyint(4) NOT NULL
) ENGINE = InnoDB CHARACTER SET = latin1 COLLATE = latin1_swedish_ci ROW_FORMAT = Dynamic;

-- ----------------------------
-- Records of cry3p2op
-- ----------------------------
INSERT INTO `cry3p2op` VALUES ('feed', 40, 56, 4, 20, '2019-12-15 14:03:20', 0);
INSERT INTO `cry3p2op` VALUES ('discharge', 330, 20, 3, 20, '2019-12-15 14:03:20', 1);
INSERT INTO `cry3p2op` VALUES ('sweating1', 400, 1.8, 3, 20, '2019-12-15 14:03:20', 2);
INSERT INTO `cry3p2op` VALUES ('sweating2', 470, 1.8, 4, 20, '2019-12-15 14:03:20', 3);
INSERT INTO `cry3p2op` VALUES ('melting', 500, 32.4, 5, 20, '2019-12-15 14:03:20', 4);
INSERT INTO `cry3p2op` VALUES ('feed', 40, 56, 4, 20, '2019-12-15 14:13:54', 0);
INSERT INTO `cry3p2op` VALUES ('discharge', 330, 20, 3, 20, '2019-12-15 14:13:54', 1);
INSERT INTO `cry3p2op` VALUES ('sweating1', 400, 1.8, 3, 20, '2019-12-15 14:13:54', 2);
INSERT INTO `cry3p2op` VALUES ('sweating2', 470, 1.8, 4, 20, '2019-12-15 14:13:54', 3);
INSERT INTO `cry3p2op` VALUES ('melting', 500, 32.4, 5, 20, '2019-12-15 14:13:54', 4);
INSERT INTO `cry3p2op` VALUES ('feed', 40, 56, 4, 20, '2019-12-16 13:34:46', 0);
INSERT INTO `cry3p2op` VALUES ('discharge', 330, 20, 3, 20, '2019-12-16 13:34:46', 1);
INSERT INTO `cry3p2op` VALUES ('sweating1', 400, 1.8, 3, 20, '2019-12-16 13:34:46', 2);
INSERT INTO `cry3p2op` VALUES ('sweating2', 470, 1.8, 4, 20, '2019-12-16 13:34:46', 3);
INSERT INTO `cry3p2op` VALUES ('melting', 500, 32.4, 5, 20, '2019-12-16 13:34:46', 4);
INSERT INTO `cry3p2op` VALUES ('feed', 40, 56, 4, 20, '2019-12-16 13:44:51', 0);
INSERT INTO `cry3p2op` VALUES ('discharge', 330, 20, 3, 20, '2019-12-16 13:44:51', 1);
INSERT INTO `cry3p2op` VALUES ('sweating1', 400, 1.8, 3, 20, '2019-12-16 13:44:51', 2);
INSERT INTO `cry3p2op` VALUES ('sweating2', 470, 1.8, 4, 20, '2019-12-16 13:44:51', 3);
INSERT INTO `cry3p2op` VALUES ('melting', 515, 32.4, 5, 20, '2019-12-16 13:44:51', 4);
INSERT INTO `cry3p2op` VALUES ('feed', 40, 56, 4, 20, '2019-12-16 13:45:37', 0);
INSERT INTO `cry3p2op` VALUES ('discharge', 330, 20, 3, 20, '2019-12-16 13:45:37', 1);
INSERT INTO `cry3p2op` VALUES ('sweating1', 400, 1.8, 3, 20, '2019-12-16 13:45:37', 2);
INSERT INTO `cry3p2op` VALUES ('sweating2', 470, 1.8, 4, 20, '2019-12-16 13:45:37', 3);
INSERT INTO `cry3p2op` VALUES ('melting', 515, 32.4, 5, 20, '2019-12-16 13:45:37', 4);
INSERT INTO `cry3p2op` VALUES ('feed', 40, 56, 4, 20, '2019-12-16 14:57:52', 0);
INSERT INTO `cry3p2op` VALUES ('discharge', 330, 20, 3, -1, '2019-12-16 14:57:52', 1);
INSERT INTO `cry3p2op` VALUES ('sweating1', 400, 1.8, 3, -1, '2019-12-16 14:57:52', 2);
INSERT INTO `cry3p2op` VALUES ('sweating2', 470, 1.8, 4, -1, '2019-12-16 14:57:52', 3);
INSERT INTO `cry3p2op` VALUES ('melting', 515, 32.4, 5, -1, '2019-12-16 14:57:52', 4);
INSERT INTO `cry3p2op` VALUES ('feed', 40, 56, 4, 20, '2019-12-17 14:54:00', 0);
INSERT INTO `cry3p2op` VALUES ('discharge', 330, 20, 3, -1, '2019-12-17 14:54:00', 1);
INSERT INTO `cry3p2op` VALUES ('sweating1', 400, 1.8, 3, -1, '2019-12-17 14:54:00', 2);
INSERT INTO `cry3p2op` VALUES ('sweating2', 470, 1.8, 4, -1, '2019-12-17 14:54:00', 3);
INSERT INTO `cry3p2op` VALUES ('melting', 515, 32.4, 5, -1, '2019-12-17 14:54:00', 4);
INSERT INTO `cry3p2op` VALUES ('feed', 40, 56, 4, 20, '2019-12-17 20:33:37', 0);
INSERT INTO `cry3p2op` VALUES ('discharge', 330, 20, 3, -1, '2019-12-17 20:33:37', 1);
INSERT INTO `cry3p2op` VALUES ('sweating1', 400, 1.8, 3, -1, '2019-12-17 20:33:37', 2);
INSERT INTO `cry3p2op` VALUES ('sweating2', 470, 1.8, 4, -1, '2019-12-17 20:33:37', 3);
INSERT INTO `cry3p2op` VALUES ('melting', 515, 32.4, 5, -1, '2019-12-17 20:33:37', 4);
INSERT INTO `cry3p2op` VALUES ('feed', 40, 56, 4, 20, '2019-12-17 22:27:42', 0);
INSERT INTO `cry3p2op` VALUES ('discharge', 330, 20, 3, -1, '2019-12-17 22:27:42', 1);
INSERT INTO `cry3p2op` VALUES ('sweating1', 400, 1.8, 3, -1, '2019-12-17 22:27:42', 2);
INSERT INTO `cry3p2op` VALUES ('sweating2', 470, 1.8, 4, -1, '2019-12-17 22:27:42', 3);
INSERT INTO `cry3p2op` VALUES ('melting', 515, 32.4, 5, -1, '2019-12-17 22:27:42', 4);
INSERT INTO `cry3p2op` VALUES ('feed', 40, 56, 4, 20, '2019-12-17 22:30:37', 0);
INSERT INTO `cry3p2op` VALUES ('discharge', 330, 20, 3, -1, '2019-12-17 22:30:37', 1);
INSERT INTO `cry3p2op` VALUES ('sweating1', 400, 1.8, 3, -1, '2019-12-17 22:30:37', 2);
INSERT INTO `cry3p2op` VALUES ('sweating2', 470, 1.8, 4, -1, '2019-12-17 22:30:37', 3);
INSERT INTO `cry3p2op` VALUES ('melting', 515, 32.4, 5, -1, '2019-12-17 22:30:37', 4);
INSERT INTO `cry3p2op` VALUES ('feed', 40, 56, 4, 20, '2019-12-17 22:33:27', 0);
INSERT INTO `cry3p2op` VALUES ('discharge', 330, 20, 3, -1, '2019-12-17 22:33:27', 1);
INSERT INTO `cry3p2op` VALUES ('sweating1', 400, 1.8, 3, -1, '2019-12-17 22:33:27', 2);
INSERT INTO `cry3p2op` VALUES ('sweating2', 470, 1.8, 4, -1, '2019-12-17 22:33:27', 3);
INSERT INTO `cry3p2op` VALUES ('melting', 515, 32.4, 5, -1, '2019-12-17 22:33:27', 4);
INSERT INTO `cry3p2op` VALUES ('feed', 40, 56, 4, 20, '2019-12-17 22:33:35', 0);
INSERT INTO `cry3p2op` VALUES ('discharge', 330, 20, 3, -1, '2019-12-17 22:33:35', 1);
INSERT INTO `cry3p2op` VALUES ('sweating1', 400, 1.8, 3, -1, '2019-12-17 22:33:35', 2);
INSERT INTO `cry3p2op` VALUES ('sweating2', 470, 1.8, 4, -1, '2019-12-17 22:33:35', 3);
INSERT INTO `cry3p2op` VALUES ('melting', 515, 32.4, 5, -1, '2019-12-17 22:33:35', 4);
INSERT INTO `cry3p2op` VALUES ('feed', 40, 56, 4, 20, '2019-12-17 23:12:33', 0);
INSERT INTO `cry3p2op` VALUES ('discharge', 330, 20, 3, -1, '2019-12-17 23:12:33', 1);
INSERT INTO `cry3p2op` VALUES ('sweating1', 400, 1.8, 3, -1, '2019-12-17 23:12:33', 2);
INSERT INTO `cry3p2op` VALUES ('sweating2', 470, 1.8, 4, -1, '2019-12-17 23:12:33', 3);
INSERT INTO `cry3p2op` VALUES ('melting', 515, 32.4, 5, -1, '2019-12-17 23:12:33', 4);
INSERT INTO `cry3p2op` VALUES ('feed', 40, 56, 4, 20, '2019-12-18 12:51:33', 0);
INSERT INTO `cry3p2op` VALUES ('discharge', 330, 20, 3, -1, '2019-12-18 12:51:33', 1);
INSERT INTO `cry3p2op` VALUES ('sweating1', 400, 1.8, 3, -1, '2019-12-18 12:51:33', 2);
INSERT INTO `cry3p2op` VALUES ('sweating2', 470, 1.8, 4, -1, '2019-12-18 12:51:33', 3);
INSERT INTO `cry3p2op` VALUES ('melting', 515, 32.4, 5, -1, '2019-12-18 12:51:33', 4);
INSERT INTO `cry3p2op` VALUES ('feed', 40, 56, 4, 20, '2019-12-18 12:52:31', 0);
INSERT INTO `cry3p2op` VALUES ('discharge', 330, 20, 3, -1, '2019-12-18 12:52:31', 1);
INSERT INTO `cry3p2op` VALUES ('sweating1', 400, 1.8, 3, -1, '2019-12-18 12:52:31', 2);
INSERT INTO `cry3p2op` VALUES ('sweating2', 470, 1.8, 4, -1, '2019-12-18 12:52:31', 3);
INSERT INTO `cry3p2op` VALUES ('melting', 515, 32.4, 5, -1, '2019-12-18 12:52:31', 4);
INSERT INTO `cry3p2op` VALUES ('feed', 40, 56, 4, 20, '2019-12-18 12:57:11', 0);
INSERT INTO `cry3p2op` VALUES ('discharge', 330, 20, 3, -1, '2019-12-18 12:57:11', 1);
INSERT INTO `cry3p2op` VALUES ('sweating1', 400, 1.8, 3, -1, '2019-12-18 12:57:11', 2);
INSERT INTO `cry3p2op` VALUES ('sweating2', 470, 1.8, 4, -1, '2019-12-18 12:57:11', 3);
INSERT INTO `cry3p2op` VALUES ('melting', 515, 32.4, 5, -1, '2019-12-18 12:57:11', 4);

-- ----------------------------
-- Table structure for crystallizer
-- ----------------------------
DROP TABLE IF EXISTS `crystallizer`;
CREATE TABLE `crystallizer`  (
  `crystallizerName` varchar(255) CHARACTER SET latin1 COLLATE latin1_swedish_ci NOT NULL,
  PRIMARY KEY (`crystallizerName`) USING BTREE
) ENGINE = InnoDB CHARACTER SET = latin1 COLLATE = latin1_swedish_ci ROW_FORMAT = Dynamic;

-- ----------------------------
-- Records of crystallizer
-- ----------------------------
INSERT INTO `crystallizer` VALUES ('Crystallizer1');
INSERT INTO `crystallizer` VALUES ('Crystallizer2');
INSERT INTO `crystallizer` VALUES ('Crystallizer3');

-- ----------------------------
-- Table structure for crystallizercapacity
-- ----------------------------
DROP TABLE IF EXISTS `crystallizercapacity`;
CREATE TABLE `crystallizercapacity`  (
  `Crystallizer1` float NOT NULL,
  `Crystallizer2` float NOT NULL,
  `Crystallizer3` float NOT NULL,
  `lastChange` datetime(0) NOT NULL ON UPDATE CURRENT_TIMESTAMP(0),
  `forOrder` tinyint(4) NOT NULL
) ENGINE = InnoDB CHARACTER SET = latin1 COLLATE = latin1_swedish_ci ROW_FORMAT = Dynamic;

-- ----------------------------
-- Records of crystallizercapacity
-- ----------------------------
INSERT INTO `crystallizercapacity` VALUES (55.3, 58, 56, '2019-12-15 13:53:22', 0);
INSERT INTO `crystallizercapacity` VALUES (55.3, 58, 56, '2019-12-15 14:13:54', 0);
INSERT INTO `crystallizercapacity` VALUES (55.3, 58, 56, '2019-12-16 13:34:45', 0);
INSERT INTO `crystallizercapacity` VALUES (55.3, 58, 56, '2019-12-16 13:44:50', 0);
INSERT INTO `crystallizercapacity` VALUES (55.3, 58, 56, '2019-12-16 13:45:36', 0);
INSERT INTO `crystallizercapacity` VALUES (55.3, 58, 56, '2019-12-16 14:57:52', 0);
INSERT INTO `crystallizercapacity` VALUES (55.3, 58, 56, '2019-12-17 14:54:00', 0);
INSERT INTO `crystallizercapacity` VALUES (55.3, 58, 56, '2019-12-17 20:33:37', 0);
INSERT INTO `crystallizercapacity` VALUES (55.3, 58, 56, '2019-12-17 22:27:42', 0);
INSERT INTO `crystallizercapacity` VALUES (55.3, 58, 56, '2019-12-17 22:30:37', 0);
INSERT INTO `crystallizercapacity` VALUES (55.3, 58, 56, '2019-12-17 22:33:27', 0);
INSERT INTO `crystallizercapacity` VALUES (55.3, 58, 56, '2019-12-17 22:33:35', 0);
INSERT INTO `crystallizercapacity` VALUES (55.3, 58, 56, '2019-12-17 23:12:33', 0);
INSERT INTO `crystallizercapacity` VALUES (55.3, 58, 56, '2019-12-18 12:51:33', 0);
INSERT INTO `crystallizercapacity` VALUES (55.3, 58, 56, '2019-12-18 12:52:31', 0);
INSERT INTO `crystallizercapacity` VALUES (55.3, 58, 56, '2019-12-18 12:57:11', 0);

-- ----------------------------
-- Table structure for crystallizercurstate
-- ----------------------------
DROP TABLE IF EXISTS `crystallizercurstate`;
CREATE TABLE `crystallizercurstate`  (
  `crystallizerName` varchar(255) CHARACTER SET latin1 COLLATE latin1_swedish_ci NOT NULL,
  `curRunProcess` varchar(255) CHARACTER SET latin1 COLLATE latin1_swedish_ci NOT NULL,
  `cryCurLevel` float NOT NULL,
  `runTime` int(11) NOT NULL,
  `lastChange` datetime(0) NOT NULL ON UPDATE CURRENT_TIMESTAMP(0),
  `forOrder` tinyint(4) NOT NULL
) ENGINE = InnoDB CHARACTER SET = latin1 COLLATE = latin1_swedish_ci ROW_FORMAT = Dynamic;

-- ----------------------------
-- Records of crystallizercurstate
-- ----------------------------
INSERT INTO `crystallizercurstate` VALUES ('Crystallizer1', 'C1', 55.3, 46, '2019-12-15 14:13:21', 0);
INSERT INTO `crystallizercurstate` VALUES ('Cristallizer2', 'None', 0, 0, '2019-12-15 14:13:21', 1);
INSERT INTO `crystallizercurstate` VALUES ('Crystallizer3', 'P1', 56, 46, '2019-12-15 14:13:21', 2);
INSERT INTO `crystallizercurstate` VALUES ('Crystallizer1', 'C1', 55.3, 46, '2019-12-15 14:13:54', 0);
INSERT INTO `crystallizercurstate` VALUES ('Cristallizer2', 'None', 0, 0, '2019-12-15 14:13:54', 1);
INSERT INTO `crystallizercurstate` VALUES ('Crystallizer3', 'P1', 56, 46, '2019-12-15 14:13:54', 2);
INSERT INTO `crystallizercurstate` VALUES ('Crystallizer1', 'C1', 55.3, 46, '2019-12-16 13:34:46', 0);
INSERT INTO `crystallizercurstate` VALUES ('Cristallizer2', 'None', 0, 0, '2019-12-16 13:34:46', 1);
INSERT INTO `crystallizercurstate` VALUES ('Crystallizer3', 'P1', 56, 46, '2019-12-16 13:34:46', 2);
INSERT INTO `crystallizercurstate` VALUES ('Crystallizer1', 'C1', 50.44, 327, '2019-12-16 13:44:51', 0);
INSERT INTO `crystallizercurstate` VALUES ('Cristallizer2', 'P4', 58, 100, '2019-12-16 13:44:51', 1);
INSERT INTO `crystallizercurstate` VALUES ('Crystallizer3', 'P2', 56, 46, '2019-12-16 13:44:51', 2);
INSERT INTO `crystallizercurstate` VALUES ('Crystallizer1', 'C1', 50.44, 327, '2019-12-16 13:45:37', 0);
INSERT INTO `crystallizercurstate` VALUES ('Cristallizer2', 'P4', 58, 100, '2019-12-16 13:45:37', 1);
INSERT INTO `crystallizercurstate` VALUES ('Crystallizer3', 'P2', 56, 46, '2019-12-16 13:45:37', 2);
INSERT INTO `crystallizercurstate` VALUES ('Crystallizer1', 'C1', 50.44, 327, '2019-12-16 14:57:52', 0);
INSERT INTO `crystallizercurstate` VALUES ('Cristallizer2', 'P4', 58, 100, '2019-12-16 14:57:52', 1);
INSERT INTO `crystallizercurstate` VALUES ('Crystallizer3', 'P2', 56, 46, '2019-12-16 14:57:52', 2);
INSERT INTO `crystallizercurstate` VALUES ('Crystallizer1', 'C1', 50.44, 327, '2019-12-17 14:54:00', 0);
INSERT INTO `crystallizercurstate` VALUES ('Cristallizer2', 'P4', 58, 100, '2019-12-17 14:54:00', 1);
INSERT INTO `crystallizercurstate` VALUES ('Crystallizer3', 'P2', 56, 46, '2019-12-17 14:54:00', 2);
INSERT INTO `crystallizercurstate` VALUES ('Crystallizer1', 'C1', 50.44, 327, '2019-12-17 20:33:37', 0);
INSERT INTO `crystallizercurstate` VALUES ('Crystallizer2', 'P4', 58, 100, '2019-12-17 20:33:37', 1);
INSERT INTO `crystallizercurstate` VALUES ('Crystallizer3', 'P2', 56, 46, '2019-12-17 20:33:37', 2);
INSERT INTO `crystallizercurstate` VALUES ('Crystallizer1', 'C1', 47.31, 312, '2019-12-17 22:27:42', 0);
INSERT INTO `crystallizercurstate` VALUES ('Crystallizer2', 'P5', 58, 49, '2019-12-17 22:27:42', 1);
INSERT INTO `crystallizercurstate` VALUES ('Crystallizer3', 'P1', 31.37, 452, '2019-12-17 22:27:42', 2);
INSERT INTO `crystallizercurstate` VALUES ('Crystallizer1', 'C1', 47.31, 312, '2019-12-17 22:30:37', 0);
INSERT INTO `crystallizercurstate` VALUES ('Crystallizer2', 'P5', 58, 49, '2019-12-17 22:30:37', 1);
INSERT INTO `crystallizercurstate` VALUES ('Crystallizer3', 'P1', 31.37, 452, '2019-12-17 22:30:37', 2);
INSERT INTO `crystallizercurstate` VALUES ('Crystallizer1', 'C1', 47.31, 312, '2019-12-17 22:33:27', 0);
INSERT INTO `crystallizercurstate` VALUES ('Crystallizer2', 'P5', 58, 49, '2019-12-17 22:33:27', 1);
INSERT INTO `crystallizercurstate` VALUES ('Crystallizer3', 'P1', 31.37, 452, '2019-12-17 22:33:27', 2);
INSERT INTO `crystallizercurstate` VALUES ('Crystallizer1', 'C1', 47.31, 312, '2019-12-17 22:33:35', 0);
INSERT INTO `crystallizercurstate` VALUES ('Crystallizer2', 'P5', 58, 49, '2019-12-17 22:33:35', 1);
INSERT INTO `crystallizercurstate` VALUES ('Crystallizer3', 'P1', 31.37, 452, '2019-12-17 22:33:35', 2);
INSERT INTO `crystallizercurstate` VALUES ('Crystallizer1', 'C1', 47.31, 312, '2019-12-17 23:12:33', 0);
INSERT INTO `crystallizercurstate` VALUES ('Crystallizer2', 'P5', 58, 49, '2019-12-17 23:12:33', 1);
INSERT INTO `crystallizercurstate` VALUES ('Crystallizer3', 'P1', 31.37, 452, '2019-12-17 23:12:33', 2);
INSERT INTO `crystallizercurstate` VALUES ('Crystallizer1', 'C2', 50.06, 411, '2019-12-18 12:51:33', 0);
INSERT INTO `crystallizercurstate` VALUES ('Crystallizer2', 'P4', 37.75, 282, '2019-12-18 12:51:33', 1);
INSERT INTO `crystallizercurstate` VALUES ('Crystallizer3', 'P2', 35.98, 289, '2019-12-18 12:51:33', 2);
INSERT INTO `crystallizercurstate` VALUES ('Crystallizer1', 'C2', 50.06, 411, '2019-12-18 12:52:31', 0);
INSERT INTO `crystallizercurstate` VALUES ('Crystallizer2', 'P4', 37.75, 282, '2019-12-18 12:52:31', 1);
INSERT INTO `crystallizercurstate` VALUES ('Crystallizer3', 'P2', 35.98, 289, '2019-12-18 12:52:31', 2);
INSERT INTO `crystallizercurstate` VALUES ('Crystallizer1', 'C2', 50.06, 411, '2019-12-18 12:57:11', 0);
INSERT INTO `crystallizercurstate` VALUES ('Crystallizer2', 'P4', 37.75, 322, '2019-12-18 12:57:11', 1);
INSERT INTO `crystallizercurstate` VALUES ('Crystallizer3', 'P2', 35.98, 329, '2019-12-18 12:57:11', 2);

-- ----------------------------
-- Table structure for tank
-- ----------------------------
DROP TABLE IF EXISTS `tank`;
CREATE TABLE `tank`  (
  `tankName` varchar(255) CHARACTER SET latin1 COLLATE latin1_swedish_ci NOT NULL,
  PRIMARY KEY (`tankName`) USING BTREE
) ENGINE = InnoDB CHARACTER SET = latin1 COLLATE = latin1_swedish_ci ROW_FORMAT = Dynamic;

-- ----------------------------
-- Records of tank
-- ----------------------------
INSERT INTO `tank` VALUES ('T-7110');
INSERT INTO `tank` VALUES ('T-7111');
INSERT INTO `tank` VALUES ('T-7112');
INSERT INTO `tank` VALUES ('T-7113');
INSERT INTO `tank` VALUES ('T-7114');
INSERT INTO `tank` VALUES ('T-7115/20');
INSERT INTO `tank` VALUES ('T-7116');
INSERT INTO `tank` VALUES ('T-7117');
INSERT INTO `tank` VALUES ('T-7118/19');

-- ----------------------------
-- Table structure for tankparameter
-- ----------------------------
DROP TABLE IF EXISTS `tankparameter`;
CREATE TABLE `tankparameter`  (
  `tankName` varchar(255) CHARACTER SET latin1 COLLATE latin1_swedish_ci NOT NULL,
  `tankCapacity` float NOT NULL,
  `tankLevelHighWarning` float NOT NULL,
  `tankLevelLowWarningFeed` float NOT NULL,
  `tankLevelLowWarningSupple` float NOT NULL,
  `tankCurLevel` float NOT NULL,
  `tankInputSpeed` float NULL DEFAULT NULL,
  `lastChange` datetime(0) NOT NULL ON UPDATE CURRENT_TIMESTAMP(0),
  `forOrder` tinyint(4) NOT NULL
) ENGINE = InnoDB CHARACTER SET = latin1 COLLATE = latin1_swedish_ci ROW_FORMAT = Dynamic;

-- ----------------------------
-- Records of tankparameter
-- ----------------------------
INSERT INTO `tankparameter` VALUES ('T-7110', 10000, 10000, 10000, 10000, 0, 0, '2019-12-15 13:53:22', 1);
INSERT INTO `tankparameter` VALUES ('T-7111', 120, 108, 6, 18, 68.52, 0, '2019-12-15 13:53:22', 2);
INSERT INTO `tankparameter` VALUES ('T-7112', 120, 108, 6, 18, 36.31, 0, '2019-12-15 13:53:22', 3);
INSERT INTO `tankparameter` VALUES ('T-7113', 120, 108, 6, 18, 38.39, 1.35, '2019-12-15 13:53:22', 4);
INSERT INTO `tankparameter` VALUES ('T-7114', 120, 108, 6, 18, 89.99, 0, '2019-12-15 13:53:22', 5);
INSERT INTO `tankparameter` VALUES ('T-7115/20', 180, 162, 12.6, 27, 30.42, 0, '2019-12-15 13:53:22', 6);
INSERT INTO `tankparameter` VALUES ('T-7116', 90, 81, 4.5, 13.5, 66.59, 0, '2019-12-15 13:53:22', 7);
INSERT INTO `tankparameter` VALUES ('T-7117', 90, 81, 4.5, 13.5, 53.54, 0, '2019-12-15 13:53:22', 8);
INSERT INTO `tankparameter` VALUES ('T-7118/19', 10000, 10000, 10000, 10000, 0, 0, '2019-12-15 13:53:22', 9);
INSERT INTO `tankparameter` VALUES ('T-7110', 10000, 10000, 10000, 10000, 0, 0, '2019-12-15 14:13:54', 1);
INSERT INTO `tankparameter` VALUES ('T-7111', 120, 108, 6, 18, 68.52, 0, '2019-12-15 14:13:54', 2);
INSERT INTO `tankparameter` VALUES ('T-7112', 120, 108, 6, 18, 36.31, 0, '2019-12-15 14:13:54', 3);
INSERT INTO `tankparameter` VALUES ('T-7113', 120, 108, 6, 18, 38.39, 1.35, '2019-12-15 14:13:54', 4);
INSERT INTO `tankparameter` VALUES ('T-7114', 120, 108, 6, 18, 89.99, 0, '2019-12-15 14:13:54', 5);
INSERT INTO `tankparameter` VALUES ('T-7115/20', 180, 162, 12.6, 27, 30.42, 0, '2019-12-15 14:13:54', 6);
INSERT INTO `tankparameter` VALUES ('T-7116', 90, 81, 4.5, 13.5, 66.59, 0, '2019-12-15 14:13:54', 7);
INSERT INTO `tankparameter` VALUES ('T-7117', 90, 81, 4.5, 13.5, 53.54, 0, '2019-12-15 14:13:54', 8);
INSERT INTO `tankparameter` VALUES ('T-7118/19', 10000, 10000, 10000, 10000, 0, 0, '2019-12-15 14:13:54', 9);
INSERT INTO `tankparameter` VALUES ('T-7110', 10000, 10000, 10000, 10000, 0, 0, '2019-12-16 13:34:45', 1);
INSERT INTO `tankparameter` VALUES ('T-7111', 120, 108, 6, 18, 68.52, 0, '2019-12-16 13:34:45', 2);
INSERT INTO `tankparameter` VALUES ('T-7112', 120, 108, 6, 18, 36.31, 0, '2019-12-16 13:34:45', 3);
INSERT INTO `tankparameter` VALUES ('T-7113', 120, 108, 6, 18, 38.39, 1.35, '2019-12-16 13:34:45', 4);
INSERT INTO `tankparameter` VALUES ('T-7114', 120, 108, 6, 18, 89.99, 0, '2019-12-16 13:34:45', 5);
INSERT INTO `tankparameter` VALUES ('T-7115/20', 180, 162, 12.6, 27, 30.42, 0, '2019-12-16 13:34:45', 6);
INSERT INTO `tankparameter` VALUES ('T-7116', 90, 81, 4.5, 13.5, 66.59, 0, '2019-12-16 13:34:45', 7);
INSERT INTO `tankparameter` VALUES ('T-7117', 90, 81, 4.5, 13.5, 53.54, 0, '2019-12-16 13:34:45', 8);
INSERT INTO `tankparameter` VALUES ('T-7118/19', 10000, 10000, 10000, 10000, 0, 0, '2019-12-16 13:34:45', 9);
INSERT INTO `tankparameter` VALUES ('T-7110', 10000, 10000, 10000, 10000, 0, 0, '2019-12-16 13:44:50', 1);
INSERT INTO `tankparameter` VALUES ('T-7111', 120, 108, 6, 18, 85.02, 0, '2019-12-16 13:44:50', 2);
INSERT INTO `tankparameter` VALUES ('T-7112', 120, 108, 6, 18, 52.52, 0, '2019-12-16 13:44:50', 3);
INSERT INTO `tankparameter` VALUES ('T-7113', 120, 108, 6, 18, 62.4, 1.35, '2019-12-16 13:44:50', 4);
INSERT INTO `tankparameter` VALUES ('T-7114', 120, 108, 6, 18, 89.92, 0, '2019-12-16 13:44:50', 5);
INSERT INTO `tankparameter` VALUES ('T-7115/20', 180, 162, 12.6, 27, 14.29, 0, '2019-12-16 13:44:50', 6);
INSERT INTO `tankparameter` VALUES ('T-7116', 90, 81, 4.5, 13.5, 37.81, 0, '2019-12-16 13:44:50', 7);
INSERT INTO `tankparameter` VALUES ('T-7117', 90, 81, 4.5, 13.5, 53.54, 0, '2019-12-16 13:44:50', 8);
INSERT INTO `tankparameter` VALUES ('T-7118/19', 10000, 10000, 10000, 10000, 0, 0, '2019-12-16 13:44:50', 9);
INSERT INTO `tankparameter` VALUES ('T-7110', 10000, 10000, 10000, 10000, 0, 0, '2019-12-16 13:45:36', 1);
INSERT INTO `tankparameter` VALUES ('T-7111', 120, 108, 6, 18, 85.02, 0, '2019-12-16 13:45:36', 2);
INSERT INTO `tankparameter` VALUES ('T-7112', 120, 108, 6, 18, 52.52, 0, '2019-12-16 13:45:36', 3);
INSERT INTO `tankparameter` VALUES ('T-7113', 120, 108, 6, 18, 62.4, 1.35, '2019-12-16 13:45:36', 4);
INSERT INTO `tankparameter` VALUES ('T-7114', 120, 108, 6, 18, 89.92, 0, '2019-12-16 13:45:36', 5);
INSERT INTO `tankparameter` VALUES ('T-7115/20', 180, 162, 12.6, 27, 14.29, 0, '2019-12-16 13:45:36', 6);
INSERT INTO `tankparameter` VALUES ('T-7116', 90, 81, 4.5, 13.5, 37.81, 0, '2019-12-16 13:45:36', 7);
INSERT INTO `tankparameter` VALUES ('T-7117', 90, 81, 4.5, 13.5, 53.54, 0, '2019-12-16 13:45:36', 8);
INSERT INTO `tankparameter` VALUES ('T-7118/19', 10000, 10000, 10000, 10000, 0, 0, '2019-12-16 13:45:36', 9);
INSERT INTO `tankparameter` VALUES ('T-7110', 10000, 10000, 10000, 10000, 0, -1, '2019-12-16 14:57:52', 1);
INSERT INTO `tankparameter` VALUES ('T-7111', 120, 108, 6, 18, 85.02, -1, '2019-12-16 14:57:52', 2);
INSERT INTO `tankparameter` VALUES ('T-7112', 120, 108, 6, 18, 52.52, -1, '2019-12-16 14:57:52', 3);
INSERT INTO `tankparameter` VALUES ('T-7113', 120, 108, 6, 18, 62.4, 1.35, '2019-12-16 14:57:52', 4);
INSERT INTO `tankparameter` VALUES ('T-7114', 120, 108, 6, 18, 89.92, -1, '2019-12-16 14:57:52', 5);
INSERT INTO `tankparameter` VALUES ('T-7115/20', 180, 162, 12.6, 27, 14.29, -1, '2019-12-16 14:57:52', 6);
INSERT INTO `tankparameter` VALUES ('T-7116', 90, 81, 4.5, 13.5, 37.81, -1, '2019-12-16 14:57:52', 7);
INSERT INTO `tankparameter` VALUES ('T-7117', 90, 81, 4.5, 13.5, 53.54, -1, '2019-12-16 14:57:52', 8);
INSERT INTO `tankparameter` VALUES ('T-7118/19', 10000, 10000, 10000, 10000, 0, -1, '2019-12-16 14:57:52', 9);
INSERT INTO `tankparameter` VALUES ('T-7110', 10000, 10000, 10000, 10000, 0, -1, '2019-12-17 14:54:00', 1);
INSERT INTO `tankparameter` VALUES ('T-7111', 120, 108, 6, 18, 85.02, -1, '2019-12-17 14:54:00', 2);
INSERT INTO `tankparameter` VALUES ('T-7112', 120, 108, 6, 18, 52.52, -1, '2019-12-17 14:54:00', 3);
INSERT INTO `tankparameter` VALUES ('T-7113', 120, 108, 6, 18, 62.4, 1.35, '2019-12-17 14:54:00', 4);
INSERT INTO `tankparameter` VALUES ('T-7114', 120, 108, 6, 18, 89.92, -1, '2019-12-17 14:54:00', 5);
INSERT INTO `tankparameter` VALUES ('T-7115/20', 180, 162, 12.6, 27, 14.29, -1, '2019-12-17 14:54:00', 6);
INSERT INTO `tankparameter` VALUES ('T-7116', 90, 81, 4.5, 13.5, 37.81, -1, '2019-12-17 14:54:00', 7);
INSERT INTO `tankparameter` VALUES ('T-7117', 90, 81, 4.5, 13.5, 53.54, -1, '2019-12-17 14:54:00', 8);
INSERT INTO `tankparameter` VALUES ('T-7118/19', 10000, 10000, 10000, 10000, 0, -1, '2019-12-17 14:54:00', 9);
INSERT INTO `tankparameter` VALUES ('T-7110', 10000, 10000, 10000, 10000, 0, -1, '2019-12-17 20:33:37', 1);
INSERT INTO `tankparameter` VALUES ('T-7111', 120, 108, 6, 18, 85.02, -1, '2019-12-17 20:33:37', 2);
INSERT INTO `tankparameter` VALUES ('T-7112', 120, 108, 6, 18, 52.52, -1, '2019-12-17 20:33:37', 3);
INSERT INTO `tankparameter` VALUES ('T-7113', 120, 108, 6, 18, 62.4, 1.35, '2019-12-17 20:33:37', 4);
INSERT INTO `tankparameter` VALUES ('T-7114', 120, 108, 6, 18, 89.92, -1, '2019-12-17 20:33:37', 5);
INSERT INTO `tankparameter` VALUES ('T-7115/20', 180, 162, 12.6, 27, 14.29, -1, '2019-12-17 20:33:37', 6);
INSERT INTO `tankparameter` VALUES ('T-7116', 90, 81, 4.5, 13.5, 37.81, -1, '2019-12-17 20:33:37', 7);
INSERT INTO `tankparameter` VALUES ('T-7117', 90, 81, 4.5, 13.5, 53.54, -1, '2019-12-17 20:33:37', 8);
INSERT INTO `tankparameter` VALUES ('T-7118/19', 10000, 10000, 10000, 10000, 0, -1, '2019-12-17 20:33:37', 9);
INSERT INTO `tankparameter` VALUES ('T-7110', 10000, 10000, 10000, 10000, 0, -1, '2019-12-17 22:27:42', 1);
INSERT INTO `tankparameter` VALUES ('T-7111', 110, 99, 5.5, 16.5, 85.02, -1, '2019-12-17 22:27:42', 2);
INSERT INTO `tankparameter` VALUES ('T-7112', 120, 108, 6, 18, 52.52, -1, '2019-12-17 22:27:42', 3);
INSERT INTO `tankparameter` VALUES ('T-7113', 120, 108, 6, 18, 62.4, 1.35, '2019-12-17 22:27:42', 4);
INSERT INTO `tankparameter` VALUES ('T-7114', 120, 108, 6, 18, 89.92, -1, '2019-12-17 22:27:42', 5);
INSERT INTO `tankparameter` VALUES ('T-7115/20', 180, 167.4, 9, 27, 14.29, -1, '2019-12-17 22:27:42', 6);
INSERT INTO `tankparameter` VALUES ('T-7116', 90, 81, 4.5, 13.5, 37.81, -1, '2019-12-17 22:27:42', 7);
INSERT INTO `tankparameter` VALUES ('T-7117', 90, 81, 4.5, 13.5, 53.54, -1, '2019-12-17 22:27:42', 8);
INSERT INTO `tankparameter` VALUES ('T-7118/19', 10000, 10000, 10000, 10000, 0, -1, '2019-12-17 22:27:42', 9);
INSERT INTO `tankparameter` VALUES ('T-7110', 10000, 10000, 10000, 10000, 0, -1, '2019-12-17 22:30:37', 1);
INSERT INTO `tankparameter` VALUES ('T-7111', 110, 99, 5.5, 16.5, 85.02, -1, '2019-12-17 22:30:37', 2);
INSERT INTO `tankparameter` VALUES ('T-7112', 120, 108, 6, 18, 52.52, -1, '2019-12-17 22:30:37', 3);
INSERT INTO `tankparameter` VALUES ('T-7113', 120, 108, 6, 18, 62.4, 1.35, '2019-12-17 22:30:37', 4);
INSERT INTO `tankparameter` VALUES ('T-7114', 120, 108, 6, 18, 89.92, -1, '2019-12-17 22:30:37', 5);
INSERT INTO `tankparameter` VALUES ('T-7115/20', 180, 167.4, 9, 27, 14.29, -1, '2019-12-17 22:30:37', 6);
INSERT INTO `tankparameter` VALUES ('T-7116', 90, 81, 4.5, 13.5, 37.81, -1, '2019-12-17 22:30:37', 7);
INSERT INTO `tankparameter` VALUES ('T-7117', 90, 81, 4.5, 13.5, 53.54, -1, '2019-12-17 22:30:37', 8);
INSERT INTO `tankparameter` VALUES ('T-7118/19', 10000, 10000, 10000, 10000, 0, -1, '2019-12-17 22:30:37', 9);
INSERT INTO `tankparameter` VALUES ('T-7110', 10000, 10000, 10000, 10000, 0, -1, '2019-12-17 22:33:27', 1);
INSERT INTO `tankparameter` VALUES ('T-7111', 110, 99, 5.5, 16.5, 93.19, -1, '2019-12-17 22:33:27', 2);
INSERT INTO `tankparameter` VALUES ('T-7112', 120, 108, 6, 18, 47.1, -1, '2019-12-17 22:33:27', 3);
INSERT INTO `tankparameter` VALUES ('T-7113', 120, 108, 6, 18, 64.29, 1.35, '2019-12-17 22:33:27', 4);
INSERT INTO `tankparameter` VALUES ('T-7114', 120, 108, 6, 18, 90.72, -1, '2019-12-17 22:33:27', 5);
INSERT INTO `tankparameter` VALUES ('T-7115/20', 180, 167.4, 9, 27, 62.17, -1, '2019-12-17 22:33:27', 6);
INSERT INTO `tankparameter` VALUES ('T-7116', 90, 81, 4.5, 13.5, 42.51, -1, '2019-12-17 22:33:27', 7);
INSERT INTO `tankparameter` VALUES ('T-7117', 90, 81, 4.5, 13.5, 14.95, -1, '2019-12-17 22:33:27', 8);
INSERT INTO `tankparameter` VALUES ('T-7118/19', 10000, 10000, 10000, 10000, 0, -1, '2019-12-17 22:33:27', 9);
INSERT INTO `tankparameter` VALUES ('T-7110', 10000, 10000, 10000, 10000, 0, -1, '2019-12-17 22:33:35', 1);
INSERT INTO `tankparameter` VALUES ('T-7111', 110, 99, 5.5, 16.5, 93.19, -1, '2019-12-17 22:33:35', 2);
INSERT INTO `tankparameter` VALUES ('T-7112', 120, 108, 6, 18, 47.1, -1, '2019-12-17 22:33:35', 3);
INSERT INTO `tankparameter` VALUES ('T-7113', 120, 108, 6, 18, 64.29, 1.35, '2019-12-17 22:33:35', 4);
INSERT INTO `tankparameter` VALUES ('T-7114', 120, 108, 6, 18, 90.72, -1, '2019-12-17 22:33:35', 5);
INSERT INTO `tankparameter` VALUES ('T-7115/20', 180, 167.4, 9, 27, 62.17, -1, '2019-12-17 22:33:35', 6);
INSERT INTO `tankparameter` VALUES ('T-7116', 90, 81, 4.5, 13.5, 42.51, -1, '2019-12-17 22:33:35', 7);
INSERT INTO `tankparameter` VALUES ('T-7117', 90, 81, 4.5, 13.5, 14.95, -1, '2019-12-17 22:33:35', 8);
INSERT INTO `tankparameter` VALUES ('T-7118/19', 10000, 10000, 10000, 10000, 0, -1, '2019-12-17 22:33:35', 9);
INSERT INTO `tankparameter` VALUES ('T-7110', 10000, 10000, 10000, 10000, 0, -1, '2019-12-17 23:12:33', 1);
INSERT INTO `tankparameter` VALUES ('T-7111', 110, 99, 5.5, 16.5, 93.19, -1, '2019-12-17 23:12:33', 2);
INSERT INTO `tankparameter` VALUES ('T-7112', 120, 108, 6, 18, 47.1, -1, '2019-12-17 23:12:33', 3);
INSERT INTO `tankparameter` VALUES ('T-7113', 120, 108, 6, 18, 64.29, 1.35, '2019-12-17 23:12:33', 4);
INSERT INTO `tankparameter` VALUES ('T-7114', 120, 108, 6, 18, 90.72, -1, '2019-12-17 23:12:33', 5);
INSERT INTO `tankparameter` VALUES ('T-7115/20', 180, 167.4, 9, 27, 62.17, -1, '2019-12-17 23:12:33', 6);
INSERT INTO `tankparameter` VALUES ('T-7116', 90, 81, 4.5, 13.5, 42.51, -1, '2019-12-17 23:12:33', 7);
INSERT INTO `tankparameter` VALUES ('T-7117', 90, 81, 4.5, 13.5, 14.95, -1, '2019-12-17 23:12:33', 8);
INSERT INTO `tankparameter` VALUES ('T-7118/19', 10000, 10000, 10000, 10000, 0, -1, '2019-12-17 23:12:33', 9);
INSERT INTO `tankparameter` VALUES ('T-7110', 10000, 10000, 10000, 10000, 0, -1, '2019-12-18 12:51:33', 1);
INSERT INTO `tankparameter` VALUES ('T-7111', 110, 99, 5.5, 16.5, 22.82, -1, '2019-12-18 12:51:33', 2);
INSERT INTO `tankparameter` VALUES ('T-7112', 120, 108, 6, 18, 95.18, -1, '2019-12-18 12:51:33', 3);
INSERT INTO `tankparameter` VALUES ('T-7113', 120, 108, 6, 18, 92.5, 1.35, '2019-12-18 12:51:33', 4);
INSERT INTO `tankparameter` VALUES ('T-7114', 120, 108, 6, 18, 45.41, -1, '2019-12-18 12:51:33', 5);
INSERT INTO `tankparameter` VALUES ('T-7115/20', 180, 167.4, 9, 27, 88.21, -1, '2019-12-18 12:51:33', 6);
INSERT INTO `tankparameter` VALUES ('T-7116', 90, 81, 4.5, 13.5, 46.34, -1, '2019-12-18 12:51:33', 7);
INSERT INTO `tankparameter` VALUES ('T-7117', 90, 81, 4.5, 13.5, 14.76, -1, '2019-12-18 12:51:33', 8);
INSERT INTO `tankparameter` VALUES ('T-7118/19', 10000, 10000, 10000, 10000, 0, -1, '2019-12-18 12:51:33', 9);
INSERT INTO `tankparameter` VALUES ('T-7110', 10000, 10000, 10000, 10000, 0, -1, '2019-12-18 12:52:31', 1);
INSERT INTO `tankparameter` VALUES ('T-7111', 110, 99, 5.5, 16.5, 22.82, -1, '2019-12-18 12:52:31', 2);
INSERT INTO `tankparameter` VALUES ('T-7112', 120, 108, 6, 18, 95.18, -1, '2019-12-18 12:52:31', 3);
INSERT INTO `tankparameter` VALUES ('T-7113', 120, 108, 6, 18, 92.5, 1.3, '2019-12-18 12:52:31', 4);
INSERT INTO `tankparameter` VALUES ('T-7114', 120, 108, 6, 18, 45.41, -1, '2019-12-18 12:52:31', 5);
INSERT INTO `tankparameter` VALUES ('T-7115/20', 180, 167.4, 9, 27, 88.21, -1, '2019-12-18 12:52:31', 6);
INSERT INTO `tankparameter` VALUES ('T-7116', 90, 81, 4.5, 13.5, 46.34, -1, '2019-12-18 12:52:31', 7);
INSERT INTO `tankparameter` VALUES ('T-7117', 90, 81, 4.5, 13.5, 14.76, -1, '2019-12-18 12:52:31', 8);
INSERT INTO `tankparameter` VALUES ('T-7118/19', 10000, 10000, 10000, 10000, 0, -1, '2019-12-18 12:52:31', 9);
INSERT INTO `tankparameter` VALUES ('T-7110', 10000, 10000, 10000, 10000, 0, -1, '2019-12-18 12:57:10', 1);
INSERT INTO `tankparameter` VALUES ('T-7111', 110, 99, 5.5, 16.5, 22.82, -1, '2019-12-18 12:57:10', 2);
INSERT INTO `tankparameter` VALUES ('T-7112', 120, 108, 6, 18, 95.18, -1, '2019-12-18 12:57:10', 3);
INSERT INTO `tankparameter` VALUES ('T-7113', 120, 108, 6, 18, 92.5, 1.3, '2019-12-18 12:57:10', 4);
INSERT INTO `tankparameter` VALUES ('T-7114', 120, 108, 6, 18, 45.41, -1, '2019-12-18 12:57:10', 5);
INSERT INTO `tankparameter` VALUES ('T-7115/20', 180, 167.4, 9, 27, 88.21, -1, '2019-12-18 12:57:10', 6);
INSERT INTO `tankparameter` VALUES ('T-7116', 90, 81, 4.5, 13.5, 46.34, -1, '2019-12-18 12:57:10', 7);
INSERT INTO `tankparameter` VALUES ('T-7117', 90, 81, 4.5, 13.5, 14.76, -1, '2019-12-18 12:57:10', 8);
INSERT INTO `tankparameter` VALUES ('T-7118/19', 10000, 10000, 10000, 10000, 0, -1, '2019-12-18 12:57:10', 9);

-- ----------------------------
-- Table structure for user
-- ----------------------------
DROP TABLE IF EXISTS `user`;
CREATE TABLE `user`  (
  `username` varchar(255) CHARACTER SET latin1 COLLATE latin1_swedish_ci NULL DEFAULT NULL,
  `password` varchar(255) CHARACTER SET latin1 COLLATE latin1_swedish_ci NULL DEFAULT NULL
) ENGINE = InnoDB CHARACTER SET = latin1 COLLATE = latin1_swedish_ci ROW_FORMAT = Dynamic;

-- ----------------------------
-- Records of user
-- ----------------------------
INSERT INTO `user` VALUES ('admin', '123456');

SET FOREIGN_KEY_CHECKS = 1;
